Building,Floor,Suite,Room,Bed,Room Type,Suite Size (if applicable),Room Gender,Room Profile
BARBOUR HALL,BARBOUR FL 2,BARBOUR 203,BARBOUR 203,BARBOUR 203‐1,Triple,,CoEd,24‐25 Spring General Selection
BARBOUR HALL,BARBOUR FL 2,BARBOUR 203,BARBOUR 203,BARBOUR 203‐2,Triple,,CoEd,24‐25 Spring General Selection
BARBOUR HALL,BARBOUR FL 2,BARBOUR 203,BARBOUR 203,BARBOUR 203‐3,Triple,,CoEd,24‐25 Spring General Selection
BUXTON HOUSE,BUXTON FL 1,BUXTON 101,BUXTON 101,BUXTON 101‐1,Double,,CoEd,24‐25 Spring General Selection
BUXTON HOUSE,BUXTON FL 1,BUXTON 101,BUXTON 101,BUXTON 101‐2,Double,,CoEd,24‐25 Spring General Selection
BUXTON HOUSE,BUXTON FL 1,BUXTON 102,BUXTON 102,BUXTON 102‐1,Double,,CoEd,24‐25 Spring General Selection
BUXTON HOUSE,BUXTON FL 1,BUXTON 102,BUXTON 102,BUXTON 102‐2,Double,,CoEd,24‐25 Spring General Selection
BUXTON HOUSE,BUXTON FL 2,BUXTON 201,BUXTON 201,BUXTON 201‐1,Double,,CoEd,24‐25 Spring General Selection
BUXTON HOUSE,BUXTON FL 2,BUXTON 201,BUXTON 201,BUXTON 201‐2,Double,,CoEd,24‐25 Spring General Selection
BUXTON HOUSE,BUXTON FL 2,BUXTON 218,BUXTON 218,BUXTON 218‐1,Double,,CoEd,24‐25 Spring General Selection
BUXTON HOUSE,BUXTON FL 2,BUXTON 218,BUXTON 218,BUXTON 218‐2,Double,,CoEd,24‐25 Spring General Selection
BUXTON HOUSE,BUXTON FL 2,BUXTON 219,BUXTON 219,BUXTON 219‐1,Double,,CoEd,24‐25 Spring General Selection
BUXTON HOUSE,BUXTON FL 2,BUXTON 219,BUXTON 219,BUXTON 219‐2,Double,,CoEd,24‐25 Spring General Selection
BUXTON HOUSE,BUXTON FL 2,BUXTON 220,BUXTON 220,BUXTON 220‐1,Double,,CoEd,24‐25 Spring General Selection
BUXTON HOUSE,BUXTON FL 2,BUXTON 220,BUXTON 220,BUXTON 220‐2,Double,,CoEd,24‐25 Spring General Selection
BUXTON HOUSE,BUXTON FL 3,BUXTON 301,BUXTON 301,BUXTON 301‐1,Double,,CoEd,24‐25 Spring General Selection
BUXTON HOUSE,BUXTON FL 3,BUXTON 301,BUXTON 301,BUXTON 301‐2,Double,,CoEd,24‐25 Spring General Selection
BUXTON HOUSE,BUXTON FL 3,BUXTON 302,BUXTON 302,BUXTON 302‐1,Double,,CoEd,24‐25 Spring General Selection
BUXTON HOUSE,BUXTON FL 3,BUXTON 302,BUXTON 302,BUXTON 302‐2,Double,,CoEd,24‐25 Spring General Selection
BUXTON HOUSE,BUXTON FL 3,BUXTON 318,BUXTON 318,BUXTON 318‐1,Double,,CoEd,24‐25 Spring General Selection
BUXTON HOUSE,BUXTON FL 3,BUXTON 318,BUXTON 318,BUXTON 318‐2,Double,,CoEd,24‐25 Spring General Selection
BUXTON HOUSE,BUXTON FL 3,BUXTON 319,BUXTON 319,BUXTON 319‐1,Double,,CoEd,24‐25 Spring General Selection
BUXTON HOUSE,BUXTON FL 3,BUXTON 319,BUXTON 319,BUXTON 319‐2,Double,,CoEd,24‐25 Spring General Selection
BUXTON HOUSE,BUXTON FL 3,BUXTON 320,BUXTON 320,BUXTON 320‐1,Double,,CoEd,24‐25 Spring General Selection
BUXTON HOUSE,BUXTON FL 3,BUXTON 320,BUXTON 320,BUXTON 320‐2,Double,,CoEd,24‐25 Spring General Selection
BUXTON HOUSE,BUXTON FL 4,BUXTON 418,BUXTON 418,BUXTON 418‐1,Double,,CoEd,24‐25 Spring General Selection
BUXTON HOUSE,BUXTON FL 4,BUXTON 418,BUXTON 418,BUXTON 418‐2,Double,,CoEd,24‐25 Spring General Selection
CASWELL HALL,CASWELL FL 1 S,CASWELL 104,CASWELL 104,CASWELL 104‐1,Double,,CoEd,24‐25 Substance Free
CASWELL HALL,CASWELL FL 1 S,CASWELL 104,CASWELL 104,CASWELL 104‐2,Double,,CoEd,24‐25 Substance Free
CASWELL HALL,CASWELL FL 1 M,CASWELL 107,CASWELL 107,CASWELL 107‐1,Double,,CoEd,24‐25 Spring General Selection
CASWELL HALL,CASWELL FL 1 M,CASWELL 107,CASWELL 107,CASWELL 107‐2,Double,,CoEd,24‐25 Spring General Selection
CASWELL HALL,CASWELL FL 1 M,CASWELL 108,CASWELL 108,CASWELL 108‐1,Double,,CoEd,24‐25 Spring General Selection
CASWELL HALL,CASWELL FL 1 M,CASWELL 108,CASWELL 108,CASWELL 108‐2,Double,,CoEd,24‐25 Spring General Selection
CASWELL HALL,CASWELL FL 1 N,CASWELL 109,CASWELL 109,CASWELL 109‐1,Double,,CoEd,24‐25 Spring General Selection
CASWELL HALL,CASWELL FL 1 N,CASWELL 109,CASWELL 109,CASWELL 109‐2,Double,,CoEd,24‐25 Spring General Selection
CASWELL HALL,CASWELL FL 1 N,CASWELL 112,CASWELL 112,CASWELL 112‐1,Double,,CoEd,24‐25 Spring General Selection
CASWELL HALL,CASWELL FL 1 N,CASWELL 112,CASWELL 112,CASWELL 112‐2,Double,,CoEd,24‐25 Spring General Selection
CASWELL HALL,CASWELL FL 2 S,CASWELL 203,CASWELL 203,CASWELL 203‐1,Double,,CoEd,24‐25 Substance Free
CASWELL HALL,CASWELL FL 2 S,CASWELL 203,CASWELL 203,CASWELL 203‐2,Double,,CoEd,24‐25 Substance Free
CASWELL HALL,CASWELL FL 2 S,CASWELL 204,CASWELL 204,CASWELL 204‐1,Double,,CoEd,24‐25 Substance Free
CASWELL HALL,CASWELL FL 2 S,CASWELL 204,CASWELL 204,CASWELL 204‐2,Double,,CoEd,24‐25 Substance Free
CASWELL HALL,CASWELL FL 2 M,CASWELL 205,CASWELL 205,CASWELL 205‐1,Double,,CoEd,24‐25 Spring General Selection
CASWELL HALL,CASWELL FL 2 M,CASWELL 205,CASWELL 205,CASWELL 205‐2,Double,,CoEd,24‐25 Spring General Selection
CASWELL HALL,CASWELL FL 2 N,CASWELL 212,CASWELL 212,CASWELL 212‐1,Double,,CoEd,24‐25 Spring General Selection
CASWELL HALL,CASWELL FL 2 N,CASWELL 212,CASWELL 212,CASWELL 212‐2,Double,,CoEd,24‐25 Spring General Selection
CASWELL HALL,CASWELL FL 3 S,CASWELL 303,CASWELL 303,CASWELL 303‐1,Double,,CoEd,24‐25 Substance Free
CASWELL HALL,CASWELL FL 3 S,CASWELL 303,CASWELL 303,CASWELL 303‐2,Double,,CoEd,24‐25 Substance Free
CASWELL HALL,CASWELL FL 3 M,CASWELL 308,CASWELL 308,CASWELL 308‐1,Double,,CoEd,24‐25 Spring General Selection
CASWELL HALL,CASWELL FL 3 M,CASWELL 308,CASWELL 308,CASWELL 308‐2,Double,,CoEd,24‐25 Spring General Selection
CASWELL HALL,CASWELL FL 3 N,CASWELL 312,CASWELL 312,CASWELL 312‐1,Double,,CoEd,24‐25 Spring General Selection
CASWELL HALL,CASWELL FL 3 N,CASWELL 312,CASWELL 312,CASWELL 312‐2,Double,,CoEd,24‐25 Spring General Selection
CASWELL HALL,CASWELL FL 4 S,CASWELL 403,CASWELL 403,CASWELL 403‐1,Double,,CoEd,24‐25 Substance Free
CASWELL HALL,CASWELL FL 4 S,CASWELL 403,CASWELL 403,CASWELL 403‐2,Double,,CoEd,24‐25 Substance Free
CASWELL HALL,CASWELL FL 4 S,CASWELL 404,CASWELL 404,CASWELL 404‐1,Double,,CoEd,24‐25 Substance Free
CASWELL HALL,CASWELL FL 4 S,CASWELL 404,CASWELL 404,CASWELL 404‐2,Double,,CoEd,24‐25 Substance Free
CASWELL HALL,CASWELL FL 4 M,CASWELL 405,CASWELL 405,CASWELL 405‐1,Double,,CoEd,24‐25 Spring General Selection
CASWELL HALL,CASWELL FL 4 M,CASWELL 405,CASWELL 405,CASWELL 405‐2,Double,,CoEd,24‐25 Spring General Selection
CASWELL HALL,CASWELL FL 4 M,CASWELL 407,CASWELL 407,CASWELL 407‐1,Double,,CoEd,24‐25 Spring General Selection
CASWELL HALL,CASWELL FL 4 M,CASWELL 407,CASWELL 407,CASWELL 407‐2,Double,,CoEd,24‐25 Spring General Selection
CASWELL HALL,CASWELL FL 4 M,CASWELL 408,CASWELL 408,CASWELL 408‐1,Double,,CoEd,24‐25 Spring General Selection
CASWELL HALL,CASWELL FL 4 M,CASWELL 408,CASWELL 408,CASWELL 408‐2,Double,,CoEd,24‐25 Spring General Selection
CASWELL HALL,CASWELL FL 4 N,CASWELL 410,CASWELL 410,CASWELL 410‐1,Double,,CoEd,24‐25 Spring General Selection
CASWELL HALL,CASWELL FL 4 N,CASWELL 410,CASWELL 410,CASWELL 410‐2,Double,,CoEd,24‐25 Spring General Selection
CASWELL HALL,CASWELL FL 4 N,CASWELL 411,CASWELL 411,CASWELL 411‐1,Double,,CoEd,24‐25 Spring General Selection
CASWELL HALL,CASWELL FL 4 N,CASWELL 411,CASWELL 411,CASWELL 411‐2,Double,,CoEd,24‐25 Spring General Selection
CASWELL HALL,CASWELL FL 4 N,CASWELL 412,CASWELL 412,CASWELL 412‐1,Double,,CoEd,24‐25 Spring General Selection
CASWELL HALL,CASWELL FL 4 N,CASWELL 412,CASWELL 412,CASWELL 412‐2,Double,,CoEd,24‐25 Spring General Selection
CHAPIN HOUSE,CHAPIN FL 1,CHAPIN 107,CHAPIN 107,CHAPIN 107‐1,Double,,CoEd,24‐25 Spring General Selection
CHAPIN HOUSE,CHAPIN FL 1,CHAPIN 107,CHAPIN 107,CHAPIN 107‐2,Double,,CoEd,24‐25 Spring General Selection
CHAPIN HOUSE,CHAPIN FL 1,CHAPIN 113,CHAPIN 113,CHAPIN 113‐1,Double,,CoEd,24‐25 Spring General Selection
CHAPIN HOUSE,CHAPIN FL 1,CHAPIN 113,CHAPIN 113,CHAPIN 113‐2,Double,,CoEd,24‐25 Spring General Selection
CHAPIN HOUSE,CHAPIN FL 1,CHAPIN 117,CHAPIN 117,CHAPIN 117‐1,Double,,CoEd,24‐25 Spring General Selection
CHAPIN HOUSE,CHAPIN FL 1,CHAPIN 117,CHAPIN 117,CHAPIN 117‐2,Double,,CoEd,24‐25 Spring General Selection
CHAPIN HOUSE,CHAPIN FL 1,CHAPIN 124,CHAPIN 124,CHAPIN 124‐1,Double,,CoEd,24‐25 Spring General Selection
CHAPIN HOUSE,CHAPIN FL 1,CHAPIN 124,CHAPIN 124,CHAPIN 124‐2,Double,,CoEd,24‐25 Spring General Selection
CHAPIN HOUSE,CHAPIN FL 2,CHAPIN 201,CHAPIN 201,CHAPIN 201‐1,Double,,CoEd,24‐25 Spring General Selection
CHAPIN HOUSE,CHAPIN FL 2,CHAPIN 201,CHAPIN 201,CHAPIN 201‐2,Double,,CoEd,24‐25 Spring General Selection
CHAPIN HOUSE,CHAPIN FL 2,CHAPIN 202,CHAPIN 202,CHAPIN 202‐1,Double,,CoEd,24‐25 Spring General Selection
CHAPIN HOUSE,CHAPIN FL 2,CHAPIN 202,CHAPIN 202,CHAPIN 202‐2,Double,,CoEd,24‐25 Spring General Selection
CHAPIN HOUSE,CHAPIN FL 2,CHAPIN 204,CHAPIN 204,CHAPIN 204‐1,Double,,CoEd,24‐25 Spring General Selection
CHAPIN HOUSE,CHAPIN FL 2,CHAPIN 204,CHAPIN 204,CHAPIN 204‐2,Double,,CoEd,24‐25 Spring General Selection
CHAPIN HOUSE,CHAPIN FL 2,CHAPIN 213,CHAPIN 213,CHAPIN 213‐1,Double,,CoEd,24‐25 Spring General Selection
CHAPIN HOUSE,CHAPIN FL 2,CHAPIN 213,CHAPIN 213,CHAPIN 213‐2,Double,,CoEd,24‐25 Spring General Selection
CHAPIN HOUSE,CHAPIN FL 2,CHAPIN 217,CHAPIN 217,CHAPIN 217‐1,Double,,CoEd,24‐25 Spring General Selection
CHAPIN HOUSE,CHAPIN FL 2,CHAPIN 217,CHAPIN 217,CHAPIN 217‐2,Double,,CoEd,24‐25 Spring General Selection
CHAPIN HOUSE,CHAPIN FL 2,CHAPIN 223,CHAPIN 223,CHAPIN 223‐1,Double,,CoEd,24‐25 Spring General Selection
CHAPIN HOUSE,CHAPIN FL 2,CHAPIN 223,CHAPIN 223,CHAPIN 223‐2,Double,,CoEd,24‐25 Spring General Selection
CHAPIN HOUSE,CHAPIN FL 2,CHAPIN 224,CHAPIN 224,CHAPIN 224‐1,Double,,CoEd,24‐25 Spring General Selection
CHAPIN HOUSE,CHAPIN FL 2,CHAPIN 224,CHAPIN 224,CHAPIN 224‐2,Double,,CoEd,24‐25 Spring General Selection
CHAPIN HOUSE,CHAPIN FL 2,CHAPIN 228,CHAPIN 228,CHAPIN 228‐1,Double,,CoEd,24‐25 Spring General Selection
CHAPIN HOUSE,CHAPIN FL 2,CHAPIN 228,CHAPIN 228,CHAPIN 228‐2,Double,,CoEd,24‐25 Spring General Selection
CHAPIN HOUSE,CHAPIN FL 2,CHAPIN 229,CHAPIN 229,CHAPIN 229‐1,Double,,CoEd,24‐25 Spring General Selection
CHAPIN HOUSE,CHAPIN FL 2,CHAPIN 229,CHAPIN 229,CHAPIN 229‐2,Double,,CoEd,24‐25 Spring General Selection
CHAPIN HOUSE,CHAPIN FL 2,CHAPIN 230,CHAPIN 230,CHAPIN 230‐1,Double,,CoEd,24‐25 Spring General Selection
CHAPIN HOUSE,CHAPIN FL 2,CHAPIN 230,CHAPIN 230,CHAPIN 230‐2,Double,,CoEd,24‐25 Spring General Selection
CHAPIN HOUSE,CHAPIN FL 3,CHAPIN 301,CHAPIN 301,CHAPIN 301‐1,Double,,CoEd,24‐25 Spring General Selection
CHAPIN HOUSE,CHAPIN FL 3,CHAPIN 301,CHAPIN 301,CHAPIN 301‐2,Double,,CoEd,24‐25 Spring General Selection
CHAPIN HOUSE,CHAPIN FL 3,CHAPIN 302,CHAPIN 302,CHAPIN 302‐1,Double,,CoEd,24‐25 Spring General Selection
CHAPIN HOUSE,CHAPIN FL 3,CHAPIN 302,CHAPIN 302,CHAPIN 302‐2,Double,,CoEd,24‐25 Spring General Selection
CHAPIN HOUSE,CHAPIN FL 3,CHAPIN 304,CHAPIN 304,CHAPIN 304‐1,Double,,CoEd,24‐25 Spring General Selection
CHAPIN HOUSE,CHAPIN FL 3,CHAPIN 304,CHAPIN 304,CHAPIN 304‐2,Double,,CoEd,24‐25 Spring General Selection
CHAPIN HOUSE,CHAPIN FL 3,CHAPIN 307,CHAPIN 307,CHAPIN 307‐1,Double,,CoEd,24‐25 Spring General Selection
CHAPIN HOUSE,CHAPIN FL 3,CHAPIN 307,CHAPIN 307,CHAPIN 307‐2,Double,,CoEd,24‐25 Spring General Selection
CHAPIN HOUSE,CHAPIN FL 3,CHAPIN 308,CHAPIN 308,CHAPIN 308‐1,Double,,CoEd,24‐25 Spring General Selection
CHAPIN HOUSE,CHAPIN FL 3,CHAPIN 308,CHAPIN 308,CHAPIN 308‐2,Double,,CoEd,24‐25 Spring General Selection
CHAPIN HOUSE,CHAPIN FL 3,CHAPIN 313,CHAPIN 313,CHAPIN 313‐1,Double,,CoEd,24‐25 Spring General Selection
CHAPIN HOUSE,CHAPIN FL 3,CHAPIN 313,CHAPIN 313,CHAPIN 313‐2,Double,,CoEd,24‐25 Spring General Selection
CHAPIN HOUSE,CHAPIN FL 3,CHAPIN 314,CHAPIN 314,CHAPIN 314‐1,Double,,CoEd,24‐25 Spring General Selection
CHAPIN HOUSE,CHAPIN FL 3,CHAPIN 314,CHAPIN 314,CHAPIN 314‐2,Double,,CoEd,24‐25 Spring General Selection
CHAPIN HOUSE,CHAPIN FL 3,CHAPIN 317,CHAPIN 317,CHAPIN 317‐1,Double,,CoEd,24‐25 Spring General Selection
CHAPIN HOUSE,CHAPIN FL 3,CHAPIN 317,CHAPIN 317,CHAPIN 317‐2,Double,,CoEd,24‐25 Spring General Selection
CHAPIN HOUSE,CHAPIN FL 3,CHAPIN 324,CHAPIN 324,CHAPIN 324‐1,Double,,CoEd,24‐25 Spring General Selection
CHAPIN HOUSE,CHAPIN FL 3,CHAPIN 324,CHAPIN 324,CHAPIN 324‐2,Double,,CoEd,24‐25 Spring General Selection
CHAPIN HOUSE,CHAPIN FL 3,CHAPIN 328,CHAPIN 328,CHAPIN 328‐1,Double,,CoEd,24‐25 Spring General Selection
CHAPIN HOUSE,CHAPIN FL 3,CHAPIN 328,CHAPIN 328,CHAPIN 328‐2,Double,,CoEd,24‐25 Spring General Selection
CHAPIN HOUSE,CHAPIN FL 3,CHAPIN 329,CHAPIN 329,CHAPIN 329‐1,Double,,CoEd,24‐25 Spring General Selection
CHAPIN HOUSE,CHAPIN FL 3,CHAPIN 329,CHAPIN 329,CHAPIN 329‐2,Double,,CoEd,24‐25 Spring General Selection
CHAPIN HOUSE,CHAPIN FL 3,CHAPIN 330,CHAPIN 330,CHAPIN 330‐1,Double,,CoEd,24‐25 Spring General Selection
CHAPIN HOUSE,CHAPIN FL 3,CHAPIN 330,CHAPIN 330,CHAPIN 330‐2,Double,,CoEd,24‐25 Spring General Selection
CHAPIN HOUSE,CHAPIN FL 4,CHAPIN 402,CHAPIN 402,CHAPIN 402‐1,Double,,CoEd,24‐25 Spring General Selection
CHAPIN HOUSE,CHAPIN FL 4,CHAPIN 402,CHAPIN 402,CHAPIN 402‐2,Double,,CoEd,24‐25 Spring General Selection
CHAPIN HOUSE,CHAPIN FL 4,CHAPIN 404,CHAPIN 404,CHAPIN 404‐1,Double,,CoEd,24‐25 Spring General Selection
CHAPIN HOUSE,CHAPIN FL 4,CHAPIN 404,CHAPIN 404,CHAPIN 404‐2,Double,,CoEd,24‐25 Spring General Selection
CHAPIN HOUSE,CHAPIN FL 4,CHAPIN 407,CHAPIN 407,CHAPIN 407‐1,Double,,CoEd,24‐25 Spring General Selection
CHAPIN HOUSE,CHAPIN FL 4,CHAPIN 407,CHAPIN 407,CHAPIN 407‐2,Double,,CoEd,24‐25 Spring General Selection
DIMAN HOUSE,DIMAN FL 1,DIMAN 115,DIMAN 115,DIMAN 115‐1,Triple,,CoEd,24‐25 Spring General Selection
DIMAN HOUSE,DIMAN FL 1,DIMAN 115,DIMAN 115,DIMAN 115‐2,Triple,,CoEd,24‐25 Spring General Selection
DIMAN HOUSE,DIMAN FL 1,DIMAN 115,DIMAN 115,DIMAN 115‐3,Triple,,CoEd,24‐25 Spring General Selection
DIMAN HOUSE,DIMAN FL 1,DIMAN 121,DIMAN 121,DIMAN 121‐1,Double,,CoEd,24‐25 Spring General Selection
DIMAN HOUSE,DIMAN FL 1,DIMAN 121,DIMAN 121,DIMAN 121‐2,Double,,CoEd,24‐25 Spring General Selection
DIMAN HOUSE,DIMAN FL 2,DIMAN 201,DIMAN 201,DIMAN 201‐1,Double,,CoEd,24‐25 Spring General Selection
DIMAN HOUSE,DIMAN FL 2,DIMAN 201,DIMAN 201,DIMAN 201‐2,Double,,CoEd,24‐25 Spring General Selection
DIMAN HOUSE,DIMAN FL 2,DIMAN 215,DIMAN 215,DIMAN 215‐1,Triple,,CoEd,24‐25 Spring General Selection
DIMAN HOUSE,DIMAN FL 2,DIMAN 215,DIMAN 215,DIMAN 215‐2,Triple,,CoEd,24‐25 Spring General Selection
DIMAN HOUSE,DIMAN FL 2,DIMAN 215,DIMAN 215,DIMAN 215‐3,Triple,,CoEd,24‐25 Spring General Selection
DIMAN HOUSE,DIMAN FL 2,DIMAN 217,DIMAN 217,DIMAN 217‐1,Double,,CoEd,24‐25 Spring General Selection
DIMAN HOUSE,DIMAN FL 2,DIMAN 217,DIMAN 217,DIMAN 217‐2,Double,,CoEd,24‐25 Spring General Selection
DIMAN HOUSE,DIMAN FL 2,DIMAN 221,DIMAN 221,DIMAN 221‐1,Triple,,CoEd,24‐25 Spring General Selection
DIMAN HOUSE,DIMAN FL 2,DIMAN 221,DIMAN 221,DIMAN 221‐2,Triple,,CoEd,24‐25 Spring General Selection
DIMAN HOUSE,DIMAN FL 2,DIMAN 221,DIMAN 221,DIMAN 221‐3,Triple,,CoEd,24‐25 Spring General Selection
DIMAN HOUSE,DIMAN FL 3,DIMAN 301,DIMAN 301,DIMAN 301‐1,Double,,CoEd,24‐25 Spring General Selection
DIMAN HOUSE,DIMAN FL 3,DIMAN 301,DIMAN 301,DIMAN 301‐2,Double,,CoEd,24‐25 Spring General Selection
DIMAN HOUSE,DIMAN FL 3,DIMAN 317,DIMAN 317,DIMAN 317‐1,Double,,CoEd,24‐25 Spring General Selection
DIMAN HOUSE,DIMAN FL 3,DIMAN 317,DIMAN 317,DIMAN 317‐2,Double,,CoEd,24‐25 Spring General Selection
DIMAN HOUSE,DIMAN FL 3,DIMAN 321,DIMAN 321,DIMAN 321‐1,Double,,CoEd,24‐25 Spring General Selection
DIMAN HOUSE,DIMAN FL 3,DIMAN 321,DIMAN 321,DIMAN 321‐2,Double,,CoEd,24‐25 Spring General Selection
DIMAN HOUSE,DIMAN FL 4,DIMAN 404,DIMAN 404,DIMAN 404‐1,Double,,CoEd,24‐25 Spring General Selection
DIMAN HOUSE,DIMAN FL 4,DIMAN 404,DIMAN 404,DIMAN 404‐2,Double,,CoEd,24‐25 Spring General Selection
DIMAN HOUSE,DIMAN FL 4,DIMAN 406,DIMAN 406,DIMAN 406‐1,Double,,CoEd,24‐25 Spring General Selection
DIMAN HOUSE,DIMAN FL 4,DIMAN 406,DIMAN 406,DIMAN 406‐2,Double,,CoEd,24‐25 Spring General Selection
DIMAN HOUSE,DIMAN FL 4,DIMAN 407,DIMAN 407,DIMAN 407‐1,Double,,CoEd,24‐25 Spring General Selection
DIMAN HOUSE,DIMAN FL 4,DIMAN 407,DIMAN 407,DIMAN 407‐2,Double,,CoEd,24‐25 Spring General Selection
DIMAN HOUSE,DIMAN FL 4,DIMAN 427,DIMAN 427,DIMAN 427‐1,Double,,CoEd,24‐25 Spring General Selection
DIMAN HOUSE,DIMAN FL 4,DIMAN 427,DIMAN 427,DIMAN 427‐2,Double,,CoEd,24‐25 Spring General Selection
DIMAN HOUSE,DIMAN FL 4,DIMAN 428,DIMAN 428,DIMAN 428‐1,Double,,CoEd,24‐25 Spring General Selection
DIMAN HOUSE,DIMAN FL 4,DIMAN 428,DIMAN 428,DIMAN 428‐2,Double,,CoEd,24‐25 Spring General Selection
DIMAN HOUSE,DIMAN FL 4,DIMAN 429,DIMAN 429,DIMAN 429‐1,Double,,CoEd,24‐25 Spring General Selection
DIMAN HOUSE,DIMAN FL 4,DIMAN 429,DIMAN 429,DIMAN 429‐2,Double,,CoEd,24‐25 Spring General Selection
DIMAN HOUSE,DIMAN FL 4,DIMAN 431,DIMAN 431,DIMAN 431‐1,Double,,CoEd,24‐25 Spring General Selection
DIMAN HOUSE,DIMAN FL 4,DIMAN 431,DIMAN 431,DIMAN 431‐2,Double,,CoEd,24‐25 Spring General Selection
GODDARD HOUSE,GODDARD FL 1,GODDARD 127,GODDARD 127,GODDARD 127‐1,Double,,CoEd,24‐25 Spring General Selection
GODDARD HOUSE,GODDARD FL 1,GODDARD 127,GODDARD 127,GODDARD 127‐2,Double,,CoEd,24‐25 Spring General Selection
GODDARD HOUSE,GODDARD FL 2,GODDARD 201,GODDARD 201,GODDARD 201‐1,Double,,CoEd,24‐25 Spring General Selection
GODDARD HOUSE,GODDARD FL 2,GODDARD 201,GODDARD 201,GODDARD 201‐2,Double,,CoEd,24‐25 Spring General Selection
GODDARD HOUSE,GODDARD FL 2,GODDARD 202,GODDARD 202,GODDARD 202‐1,Double,,CoEd,24‐25 Spring General Selection
GODDARD HOUSE,GODDARD FL 2,GODDARD 202,GODDARD 202,GODDARD 202‐2,Double,,CoEd,24‐25 Spring General Selection
GODDARD HOUSE,GODDARD FL 2,GODDARD 223,GODDARD 223,GODDARD 223‐1,Double,,CoEd,24‐25 Spring General Selection
GODDARD HOUSE,GODDARD FL 2,GODDARD 223,GODDARD 223,GODDARD 223‐2,Double,,CoEd,24‐25 Spring General Selection
GODDARD HOUSE,GODDARD FL 2,GODDARD 227,GODDARD 227,GODDARD 227‐1,Double,,CoEd,24‐25 Spring General Selection
GODDARD HOUSE,GODDARD FL 2,GODDARD 227,GODDARD 227,GODDARD 227‐2,Double,,CoEd,24‐25 Spring General Selection
GODDARD HOUSE,GODDARD FL 1,GODDARD 247,GODDARD 247,GODDARD 247‐1,Double,,CoEd,24‐25 Spring General Selection
GODDARD HOUSE,GODDARD FL 1,GODDARD 247,GODDARD 247,GODDARD 247‐2,Double,,CoEd,24‐25 Spring General Selection
GODDARD HOUSE,GODDARD FL 1,GODDARD 248,GODDARD 248,GODDARD 248‐1,Double,,CoEd,24‐25 Spring General Selection
GODDARD HOUSE,GODDARD FL 1,GODDARD 248,GODDARD 248,GODDARD 248‐2,Double,,CoEd,24‐25 Spring General Selection
GODDARD HOUSE,GODDARD FL 3,GODDARD 301,GODDARD 301,GODDARD 301‐1,Double,,CoEd,24‐25 Spring General Selection
GODDARD HOUSE,GODDARD FL 3,GODDARD 301,GODDARD 301,GODDARD 301‐2,Double,,CoEd,24‐25 Spring General Selection
GODDARD HOUSE,GODDARD FL 3,GODDARD 304,GODDARD 304,GODDARD 304‐1,Double,,CoEd,24‐25 Spring General Selection
GODDARD HOUSE,GODDARD FL 3,GODDARD 304,GODDARD 304,GODDARD 304‐2,Double,,CoEd,24‐25 Spring General Selection
GODDARD HOUSE,GODDARD FL 3,GODDARD 323,GODDARD 323,GODDARD 323‐1,Double,,CoEd,24‐25 Spring General Selection
GODDARD HOUSE,GODDARD FL 3,GODDARD 323,GODDARD 323,GODDARD 323‐2,Double,,CoEd,24‐25 Spring General Selection
GODDARD HOUSE,GODDARD FL 3,GODDARD 327,GODDARD 327,GODDARD 327‐1,Double,,CoEd,24‐25 Spring General Selection
GODDARD HOUSE,GODDARD FL 3,GODDARD 327,GODDARD 327,GODDARD 327‐2,Double,,CoEd,24‐25 Spring General Selection
GODDARD HOUSE,GODDARD FL 2,GODDARD 346,GODDARD 346,GODDARD 346‐1,Double,,CoEd,24‐25 Spring General Selection
GODDARD HOUSE,GODDARD FL 2,GODDARD 346,GODDARD 346,GODDARD 346‐2,Double,,CoEd,24‐25 Spring General Selection
GODDARD HOUSE,GODDARD FL 2,GODDARD 347,GODDARD 347,GODDARD 347‐1,Double,,CoEd,24‐25 Spring General Selection
GODDARD HOUSE,GODDARD FL 2,GODDARD 347,GODDARD 347,GODDARD 347‐2,Double,,CoEd,24‐25 Spring General Selection
GODDARD HOUSE,GODDARD FL 2,GODDARD 348,GODDARD 348,GODDARD 348‐1,Double,,CoEd,24‐25 Spring General Selection
GODDARD HOUSE,GODDARD FL 2,GODDARD 348,GODDARD 348,GODDARD 348‐2,Double,,CoEd,24‐25 Spring General Selection
GODDARD HOUSE,GODDARD FL 4,GODDARD 404,GODDARD 404,GODDARD 404‐1,Double,,CoEd,24‐25 Spring General Selection
GODDARD HOUSE,GODDARD FL 4,GODDARD 404,GODDARD 404,GODDARD 404‐2,Double,,CoEd,24‐25 Spring General Selection
GRAD CENTER B,GRADCTR B FL 5,GRADCTR B 510,GRADCTR B 510 513,GRADCTR B 510 513‐1,Single (Suite/Apartment),6,CoEd,24‐25 Quiet Housing
GRAD CENTER B,GRADCTR B FL 5,GRADCTR B 510,GRADCTR B 510 514,GRADCTR B 510 514‐1,Single (Suite/Apartment),6,CoEd,24‐25 Quiet Housing
GRAD CENTER B,GRADCTR B FL 6,GRADCTR B 610,GRADCTR B 610 612,GRADCTR B 610 612‐1,Single (Suite/Apartment),6,DynamicGender,24‐25 Quiet Housing
GRAD CENTER B,GRADCTR B FL 6,GRADCTR B 610,GRADCTR B 610 614,GRADCTR B 610 614‐1,Single (Suite/Apartment),6,DynamicGender,24‐25 Quiet Housing
GRAD CENTER B,GRADCTR B FL 6,GRADCTR B 610,GRADCTR B 610 616,GRADCTR B 610 616‐1,Single (Suite/Apartment),6,DynamicGender,24‐25 Quiet Housing
GRAD CENTER C,GRADCTR C FL 5,GRADCTR C 520,GRADCTR C 520 524,GRADCTR C 520 524‐1,Single (Suite/Apartment),5,Female,24‐25 Same Sex (Female)
GRAD CENTER C,GRADCTR C FL 6,GRADCTR C 610,GRADCTR C 610 615,GRADCTR C 610 615‐1,Single (Suite/Apartment),6,Male,24‐25 Same Sex (Male)
GRAD CENTER C,GRADCTR C FL 6,GRADCTR C 610,GRADCTR C 610 616,GRADCTR C 610 616‐1,Single (Suite/Apartment),6,Male,24‐25 Same Sex (Male)
GREGORIAN QUAD A,GREG A FL 5,GREG A 509,GREG A 509,GREG A 509‐1,Triple,,CoEd,24‐25 Spring General Selection
GREGORIAN QUAD A,GREG A FL 5,GREG A 509,GREG A 509,GREG A 509‐2,Triple,,CoEd,24‐25 Spring General Selection
GREGORIAN QUAD A,GREG A FL 5,GREG A 509,GREG A 509,GREG A 509‐3,Triple,,CoEd,24‐25 Spring General Selection
GREGORIAN QUAD A,GREG A FL 6,GREG A 605,GREG A 605,GREG A 605‐1,Triple,,CoEd,24‐25 Spring General Selection
GREGORIAN QUAD A,GREG A FL 6,GREG A 605,GREG A 605,GREG A 605‐2,Triple,,CoEd,24‐25 Spring General Selection
GREGORIAN QUAD A,GREG A FL 6,GREG A 605,GREG A 605,GREG A 605‐3,Triple,,CoEd,24‐25 Spring General Selection
HARKNESS HOUSE,HARKNESS FL 1,HARKNESS 113,HARKNESS 113,HARKNESS 113‐1,Double,,CoEd,24‐25 Spring General Selection
HARKNESS HOUSE,HARKNESS FL 1,HARKNESS 113,HARKNESS 113,HARKNESS 113‐2,Double,,CoEd,24‐25 Spring General Selection
HARKNESS HOUSE,HARKNESS FL 2,HARKNESS 202,HARKNESS 202,HARKNESS 202‐1,Double,,CoEd,24‐25 Spring General Selection
HARKNESS HOUSE,HARKNESS FL 2,HARKNESS 202,HARKNESS 202,HARKNESS 202‐2,Double,,CoEd,24‐25 Spring General Selection
HARKNESS HOUSE,HARKNESS FL 2,HARKNESS 213,HARKNESS 213,HARKNESS 213‐1,Double,,CoEd,24‐25 Spring General Selection
HARKNESS HOUSE,HARKNESS FL 2,HARKNESS 213,HARKNESS 213,HARKNESS 213‐2,Double,,CoEd,24‐25 Spring General Selection
HARKNESS HOUSE,HARKNESS FL 2,HARKNESS 217,HARKNESS 217,HARKNESS 217‐1,Double,,CoEd,24‐25 Spring General Selection
HARKNESS HOUSE,HARKNESS FL 2,HARKNESS 217,HARKNESS 217,HARKNESS 217‐2,Double,,CoEd,24‐25 Spring General Selection
HARKNESS HOUSE,HARKNESS FL 2,HARKNESS 229,HARKNESS 229,HARKNESS 229‐1,Double,,CoEd,24‐25 Spring General Selection
HARKNESS HOUSE,HARKNESS FL 2,HARKNESS 229,HARKNESS 229,HARKNESS 229‐2,Double,,CoEd,24‐25 Spring General Selection
HARKNESS HOUSE,HARKNESS FL 2,HARKNESS 230,HARKNESS 230,HARKNESS 230‐1,Double,,CoEd,24‐25 Spring General Selection
HARKNESS HOUSE,HARKNESS FL 2,HARKNESS 230,HARKNESS 230,HARKNESS 230‐2,Double,,CoEd,24‐25 Spring General Selection
HARKNESS HOUSE,HARKNESS FL 3,HARKNESS 301,HARKNESS 301,HARKNESS 301‐1,Double,,CoEd,24‐25 Spring General Selection
HARKNESS HOUSE,HARKNESS FL 3,HARKNESS 301,HARKNESS 301,HARKNESS 301‐2,Double,,CoEd,24‐25 Spring General Selection
HARKNESS HOUSE,HARKNESS FL 3,HARKNESS 302,HARKNESS 302,HARKNESS 302‐1,Double,,CoEd,24‐25 Spring General Selection
HARKNESS HOUSE,HARKNESS FL 3,HARKNESS 302,HARKNESS 302,HARKNESS 302‐2,Double,,CoEd,24‐25 Spring General Selection
HARKNESS HOUSE,HARKNESS FL 3,HARKNESS 313,HARKNESS 313,HARKNESS 313‐1,Double,,CoEd,24‐25 Spring General Selection
HARKNESS HOUSE,HARKNESS FL 3,HARKNESS 313,HARKNESS 313,HARKNESS 313‐2,Double,,CoEd,24‐25 Spring General Selection
HARKNESS HOUSE,HARKNESS FL 3,HARKNESS 314,HARKNESS 314,HARKNESS 314‐1,Double,,CoEd,24‐25 Spring General Selection
HARKNESS HOUSE,HARKNESS FL 3,HARKNESS 314,HARKNESS 314,HARKNESS 314‐2,Double,,CoEd,24‐25 Spring General Selection
HARKNESS HOUSE,HARKNESS FL 3,HARKNESS 317,HARKNESS 317,HARKNESS 317‐1,Double,,CoEd,24‐25 Spring General Selection
HARKNESS HOUSE,HARKNESS FL 3,HARKNESS 317,HARKNESS 317,HARKNESS 317‐2,Double,,CoEd,24‐25 Spring General Selection
HARKNESS HOUSE,HARKNESS FL 3,HARKNESS 329,HARKNESS 329,HARKNESS 329‐1,Double,,CoEd,24‐25 Spring General Selection
HARKNESS HOUSE,HARKNESS FL 3,HARKNESS 329,HARKNESS 329,HARKNESS 329‐2,Double,,CoEd,24‐25 Spring General Selection
HARKNESS HOUSE,HARKNESS FL 3,HARKNESS 330,HARKNESS 330,HARKNESS 330‐1,Double,,CoEd,24‐25 Spring General Selection
HARKNESS HOUSE,HARKNESS FL 3,HARKNESS 330,HARKNESS 330,HARKNESS 330‐2,Double,,CoEd,24‐25 Spring General Selection
HARKNESS HOUSE,HARKNESS FL 4,HARKNESS 410,HARKNESS 410,HARKNESS 410‐1,Double,,CoEd,24‐25 Spring General Selection
HARKNESS HOUSE,HARKNESS FL 4,HARKNESS 410,HARKNESS 410,HARKNESS 410‐2,Double,,CoEd,24‐25 Spring General Selection
HARKNESS HOUSE,HARKNESS FL 4,HARKNESS 422,HARKNESS 422,HARKNESS 422‐1,Double,,CoEd,24‐25 Spring General Selection
HARKNESS HOUSE,HARKNESS FL 4,HARKNESS 422,HARKNESS 422,HARKNESS 422‐2,Double,,CoEd,24‐25 Spring General Selection
HARKNESS HOUSE,HARKNESS FL 4,HARKNESS 426,HARKNESS 426,HARKNESS 426‐1,Double,,CoEd,24‐25 Spring General Selection
HARKNESS HOUSE,HARKNESS FL 4,HARKNESS 426,HARKNESS 426,HARKNESS 426‐2,Double,,CoEd,24‐25 Spring General Selection
HARKNESS HOUSE,HARKNESS FL 4,HARKNESS 430,HARKNESS 430,HARKNESS 430‐1,Double,,CoEd,24‐25 Spring General Selection
HARKNESS HOUSE,HARKNESS FL 4,HARKNESS 430,HARKNESS 430,HARKNESS 430‐2,Double,,CoEd,24‐25 Spring General Selection
HOPE COLLEGE,HOPE FL 1,HOPE 107,HOPE 107,HOPE 107‐1,Double,,CoEd,24‐25 Spring General Selection
HOPE COLLEGE,HOPE FL 1,HOPE 107,HOPE 107,HOPE 107‐2,Double,,CoEd,24‐25 Spring General Selection
HOPE COLLEGE,HOPE FL 2,HOPE 207,HOPE 207,HOPE 207‐1,Double,,CoEd,24‐25 Spring General Selection
HOPE COLLEGE,HOPE FL 2,HOPE 207,HOPE 207,HOPE 207‐2,Double,,CoEd,24‐25 Spring General Selection
HOPE COLLEGE,HOPE FL 4,HOPE 401,HOPE 401,HOPE 401‐1,Double,,CoEd,24‐25 Spring General Selection
HOPE COLLEGE,HOPE FL 4,HOPE 401,HOPE 401,HOPE 401‐2,Double,,CoEd,24‐25 Spring General Selection
HOPE COLLEGE,HOPE FL 4,HOPE 403,HOPE 403,HOPE 403‐1,Double,,CoEd,24‐25 Spring General Selection
HOPE COLLEGE,HOPE FL 4,HOPE 403,HOPE 403,HOPE 403‐2,Double,,CoEd,24‐25 Spring General Selection
HOPE COLLEGE,HOPE FL 4,HOPE 407,HOPE 407,HOPE 407‐1,Double,,CoEd,24‐25 Spring General Selection
HOPE COLLEGE,HOPE FL 4,HOPE 407,HOPE 407,HOPE 407‐2,Double,,CoEd,24‐25 Spring General Selection
HOPE COLLEGE,HOPE FL 4,HOPE 415,HOPE 415,HOPE 415‐1,Double,,CoEd,24‐25 Spring General Selection
HOPE COLLEGE,HOPE FL 4,HOPE 415,HOPE 415,HOPE 415‐2,Double,,CoEd,24‐25 Spring General Selection
HOPE COLLEGE,HOPE FL 4,HOPE 417,HOPE 417,HOPE 417‐1,Double,,CoEd,24‐25 Spring General Selection
HOPE COLLEGE,HOPE FL 4,HOPE 417,HOPE 417,HOPE 417‐2,Double,,CoEd,24‐25 Spring General Selection
HOPE COLLEGE,HOPE FL 4,HOPE 419,HOPE 419,HOPE 419‐1,Double,,CoEd,24‐25 Spring General Selection
HOPE COLLEGE,HOPE FL 4,HOPE 419,HOPE 419,HOPE 419‐2,Double,,CoEd,24‐25 Spring General Selection
HOPE COLLEGE,HOPE FL 4,HOPE 420,HOPE 420,HOPE 420‐1,Double,,CoEd,24‐25 Spring General Selection
HOPE COLLEGE,HOPE FL 4,HOPE 420,HOPE 420,HOPE 420‐2,Double,,CoEd,24‐25 Spring General Selection
KING HOUSE,KING FL 2,KING 208,KING 208,KING 208‐1,Double,,CoEd,24‐25 Spring General Selection
KING HOUSE,KING FL 2,KING 208,KING 208,KING 208‐2,Double,,CoEd,24‐25 Spring General Selection
KING HOUSE,KING FL 3,KING 303,KING 303,KING 303‐1,Double,,CoEd,24‐25 Spring General Selection
KING HOUSE,KING FL 3,KING 303,KING 303,KING 303‐2,Double,,CoEd,24‐25 Spring General Selection
LITTLEFIELD HALL,LITTLEFLD FL 1,LITTLEFLD 101,LITTLEFLD 101,LITTLEFLD 101‐1,Double,,CoEd,24‐25 Spring General Selection
LITTLEFIELD HALL,LITTLEFLD FL 1,LITTLEFLD 101,LITTLEFLD 101,LITTLEFLD 101‐2,Double,,CoEd,24‐25 Spring General Selection
LITTLEFIELD HALL,LITTLEFLD FL 1,LITTLEFLD 102,LITTLEFLD 102,LITTLEFLD 102‐1,Double,,CoEd,24‐25 Spring General Selection
LITTLEFIELD HALL,LITTLEFLD FL 1,LITTLEFLD 102,LITTLEFLD 102,LITTLEFLD 102‐2,Double,,CoEd,24‐25 Spring General Selection
LITTLEFIELD HALL,LITTLEFLD FL 1,LITTLEFLD 105,LITTLEFLD 105,LITTLEFLD 105‐1,Double,,CoEd,24‐25 Spring General Selection
LITTLEFIELD HALL,LITTLEFLD FL 1,LITTLEFLD 105,LITTLEFLD 105,LITTLEFLD 105‐2,Double,,CoEd,24‐25 Spring General Selection
LITTLEFIELD HALL,LITTLEFLD FL 1,LITTLEFLD 107,LITTLEFLD 107,LITTLEFLD 107‐1,Double,,CoEd,24‐25 Spring General Selection
LITTLEFIELD HALL,LITTLEFLD FL 1,LITTLEFLD 107,LITTLEFLD 107,LITTLEFLD 107‐2,Double,,CoEd,24‐25 Spring General Selection
LITTLEFIELD HALL,LITTLEFLD FL 1,LITTLEFLD 108,LITTLEFLD 108,LITTLEFLD 108‐1,Double,,CoEd,24‐25 Spring General Selection
LITTLEFIELD HALL,LITTLEFLD FL 1,LITTLEFLD 108,LITTLEFLD 108,LITTLEFLD 108‐2,Double,,CoEd,24‐25 Spring General Selection
LITTLEFIELD HALL,LITTLEFLD FL 1,LITTLEFLD 109,LITTLEFLD 109,LITTLEFLD 109‐1,Double,,CoEd,24‐25 Spring General Selection
LITTLEFIELD HALL,LITTLEFLD FL 1,LITTLEFLD 109,LITTLEFLD 109,LITTLEFLD 109‐2,Double,,CoEd,24‐25 Spring General Selection
LITTLEFIELD HALL,LITTLEFLD FL 2,LITTLEFLD 201,LITTLEFLD 201,LITTLEFLD 201‐1,Double,,CoEd,24‐25 Spring General Selection
LITTLEFIELD HALL,LITTLEFLD FL 2,LITTLEFLD 201,LITTLEFLD 201,LITTLEFLD 201‐2,Double,,CoEd,24‐25 Spring General Selection
LITTLEFIELD HALL,LITTLEFLD FL 2,LITTLEFLD 202,LITTLEFLD 202,LITTLEFLD 202‐1,Double,,CoEd,24‐25 Spring General Selection
LITTLEFIELD HALL,LITTLEFLD FL 2,LITTLEFLD 202,LITTLEFLD 202,LITTLEFLD 202‐2,Double,,CoEd,24‐25 Spring General Selection
LITTLEFIELD HALL,LITTLEFLD FL 2,LITTLEFLD 205,LITTLEFLD 205,LITTLEFLD 205‐1,Double,,CoEd,24‐25 Spring General Selection
LITTLEFIELD HALL,LITTLEFLD FL 2,LITTLEFLD 205,LITTLEFLD 205,LITTLEFLD 205‐2,Double,,CoEd,24‐25 Spring General Selection
LITTLEFIELD HALL,LITTLEFLD FL 2,LITTLEFLD 209,LITTLEFLD 209,LITTLEFLD 209‐1,Double,,CoEd,24‐25 Spring General Selection
LITTLEFIELD HALL,LITTLEFLD FL 2,LITTLEFLD 209,LITTLEFLD 209,LITTLEFLD 209‐2,Double,,CoEd,24‐25 Spring General Selection
LITTLEFIELD HALL,LITTLEFLD FL 3,LITTLEFLD 302,LITTLEFLD 302,LITTLEFLD 302‐1,Double,,CoEd,24‐25 Spring General Selection
LITTLEFIELD HALL,LITTLEFLD FL 3,LITTLEFLD 302,LITTLEFLD 302,LITTLEFLD 302‐2,Double,,CoEd,24‐25 Spring General Selection
LITTLEFIELD HALL,LITTLEFLD FL 3,LITTLEFLD 305,LITTLEFLD 305,LITTLEFLD 305‐1,Double,,CoEd,24‐25 Spring General Selection
LITTLEFIELD HALL,LITTLEFLD FL 3,LITTLEFLD 305,LITTLEFLD 305,LITTLEFLD 305‐2,Double,,CoEd,24‐25 Spring General Selection
LITTLEFIELD HALL,LITTLEFLD FL 3,LITTLEFLD 309,LITTLEFLD 309,LITTLEFLD 309‐1,Double,,CoEd,24‐25 Spring General Selection
LITTLEFIELD HALL,LITTLEFLD FL 3,LITTLEFLD 309,LITTLEFLD 309,LITTLEFLD 309‐2,Double,,CoEd,24‐25 Spring General Selection
LITTLEFIELD HALL,LITTLEFLD FL 4,LITTLEFLD 401,LITTLEFLD 401,LITTLEFLD 401‐1,Double,,CoEd,24‐25 Spring General Selection
LITTLEFIELD HALL,LITTLEFLD FL 4,LITTLEFLD 401,LITTLEFLD 401,LITTLEFLD 401‐2,Double,,CoEd,24‐25 Spring General Selection
LITTLEFIELD HALL,LITTLEFLD FL 4,LITTLEFLD 402,LITTLEFLD 402,LITTLEFLD 402‐1,Double,,CoEd,24‐25 Spring General Selection
LITTLEFIELD HALL,LITTLEFLD FL 4,LITTLEFLD 402,LITTLEFLD 402,LITTLEFLD 402‐2,Double,,CoEd,24‐25 Spring General Selection
LITTLEFIELD HALL,LITTLEFLD FL 4,LITTLEFLD 405,LITTLEFLD 405,LITTLEFLD 405‐1,Double,,CoEd,24‐25 Spring General Selection
LITTLEFIELD HALL,LITTLEFLD FL 4,LITTLEFLD 405,LITTLEFLD 405,LITTLEFLD 405‐2,Double,,CoEd,24‐25 Spring General Selection
LITTLEFIELD HALL,LITTLEFLD FL 4,LITTLEFLD 407,LITTLEFLD 407,LITTLEFLD 407‐1,Double,,CoEd,24‐25 Spring General Selection
LITTLEFIELD HALL,LITTLEFLD FL 4,LITTLEFLD 407,LITTLEFLD 407,LITTLEFLD 407‐2,Double,,CoEd,24‐25 Spring General Selection
LITTLEFIELD HALL,LITTLEFLD FL 4,LITTLEFLD 408,LITTLEFLD 408,LITTLEFLD 408‐1,Double,,CoEd,24‐25 Spring General Selection
LITTLEFIELD HALL,LITTLEFLD FL 4,LITTLEFLD 408,LITTLEFLD 408,LITTLEFLD 408‐2,Double,,CoEd,24‐25 Spring General Selection
LITTLEFIELD HALL,LITTLEFLD FL 4,LITTLEFLD 409,LITTLEFLD 409,LITTLEFLD 409‐1,Double,,CoEd,24‐25 Spring General Selection
LITTLEFIELD HALL,LITTLEFLD FL 4,LITTLEFLD 409,LITTLEFLD 409,LITTLEFLD 409‐2,Double,,CoEd,24‐25 Spring General Selection
LITTLEFIELD HALL,LITTLEFLD FL 4,LITTLEFLD 411,LITTLEFLD 411,LITTLEFLD 411‐1,Double,,CoEd,24‐25 Spring General Selection
LITTLEFIELD HALL,LITTLEFLD FL 4,LITTLEFLD 411,LITTLEFLD 411,LITTLEFLD 411‐2,Double,,CoEd,24‐25 Spring General Selection
MARCY HOUSE,MARCY FL 1,MARCY 119,MARCY 119,MARCY 119‐1,Triple,,CoEd,24‐25 Spring General Selection
MARCY HOUSE,MARCY FL 1,MARCY 119,MARCY 119,MARCY 119‐2,Triple,,CoEd,24‐25 Spring General Selection
MARCY HOUSE,MARCY FL 1,MARCY 119,MARCY 119,MARCY 119‐3,Triple,,CoEd,24‐25 Spring General Selection
MARCY HOUSE,MARCY FL 1,MARCY 121,MARCY 121,MARCY 121‐1,Double,,CoEd,24‐25 Spring General Selection
MARCY HOUSE,MARCY FL 1,MARCY 121,MARCY 121,MARCY 121‐2,Double,,CoEd,24‐25 Spring General Selection
MARCY HOUSE,MARCY FL 1,MARCY 125,MARCY 125,MARCY 125‐1,Double,,CoEd,24‐25 Spring General Selection
MARCY HOUSE,MARCY FL 1,MARCY 125,MARCY 125,MARCY 125‐2,Double,,CoEd,24‐25 Spring General Selection
MARCY HOUSE,MARCY FL 1,MARCY 201,MARCY 201,MARCY 201‐1,Double,,CoEd,24‐25 Spring General Selection
MARCY HOUSE,MARCY FL 1,MARCY 201,MARCY 201,MARCY 201‐2,Double,,CoEd,24‐25 Spring General Selection
MARCY HOUSE,MARCY FL 2,MARCY 219,MARCY 219,MARCY 219‐1,Triple,,CoEd,24‐25 Spring General Selection
MARCY HOUSE,MARCY FL 2,MARCY 219,MARCY 219,MARCY 219‐2,Triple,,CoEd,24‐25 Spring General Selection
MARCY HOUSE,MARCY FL 2,MARCY 219,MARCY 219,MARCY 219‐3,Triple,,CoEd,24‐25 Spring General Selection
MARCY HOUSE,MARCY FL 2,MARCY 221,MARCY 221,MARCY 221‐1,Double,,CoEd,24‐25 Spring General Selection
MARCY HOUSE,MARCY FL 2,MARCY 221,MARCY 221,MARCY 221‐2,Double,,CoEd,24‐25 Spring General Selection
MARCY HOUSE,MARCY FL 2,MARCY 225,MARCY 225,MARCY 225‐1,Triple,,CoEd,24‐25 Spring General Selection
MARCY HOUSE,MARCY FL 2,MARCY 225,MARCY 225,MARCY 225‐2,Triple,,CoEd,24‐25 Spring General Selection
MARCY HOUSE,MARCY FL 2,MARCY 225,MARCY 225,MARCY 225‐3,Triple,,CoEd,24‐25 Spring General Selection
MARCY HOUSE,MARCY FL 2,MARCY 241,MARCY 241,MARCY 241‐1,Double,,CoEd,24‐25 Spring General Selection
MARCY HOUSE,MARCY FL 2,MARCY 241,MARCY 241,MARCY 241‐2,Double,,CoEd,24‐25 Spring General Selection
MARCY HOUSE,MARCY FL 2,MARCY 242,MARCY 242,MARCY 242‐1,Double,,CoEd,24‐25 Spring General Selection
MARCY HOUSE,MARCY FL 2,MARCY 242,MARCY 242,MARCY 242‐2,Double,,CoEd,24‐25 Spring General Selection
MARCY HOUSE,MARCY FL 2,MARCY 301,MARCY 301,MARCY 301‐1,Double,,CoEd,24‐25 Spring General Selection
MARCY HOUSE,MARCY FL 2,MARCY 301,MARCY 301,MARCY 301‐2,Double,,CoEd,24‐25 Spring General Selection
MARCY HOUSE,MARCY FL 2,MARCY 302,MARCY 302,MARCY 302‐1,Double,,CoEd,24‐25 Spring General Selection
MARCY HOUSE,MARCY FL 2,MARCY 302,MARCY 302,MARCY 302‐2,Double,,CoEd,24‐25 Spring General Selection
MARCY HOUSE,MARCY FL 2,MARCY 304,MARCY 304,MARCY 304‐1,Double,,CoEd,24‐25 Spring General Selection
MARCY HOUSE,MARCY FL 2,MARCY 304,MARCY 304,MARCY 304‐2,Double,,CoEd,24‐25 Spring General Selection
MARCY HOUSE,MARCY FL 3,MARCY 319,MARCY 319,MARCY 319‐1,Triple,,CoEd,24‐25 Spring General Selection
MARCY HOUSE,MARCY FL 3,MARCY 319,MARCY 319,MARCY 319‐2,Triple,,CoEd,24‐25 Spring General Selection
MARCY HOUSE,MARCY FL 3,MARCY 319,MARCY 319,MARCY 319‐3,Triple,,CoEd,24‐25 Spring General Selection
MARCY HOUSE,MARCY FL 3,MARCY 321,MARCY 321,MARCY 321‐1,Double,,CoEd,24‐25 Spring General Selection
MARCY HOUSE,MARCY FL 3,MARCY 321,MARCY 321,MARCY 321‐2,Double,,CoEd,24‐25 Spring General Selection
MARCY HOUSE,MARCY FL 3,MARCY 325,MARCY 325,MARCY 325‐1,Double,,CoEd,24‐25 Spring General Selection
MARCY HOUSE,MARCY FL 3,MARCY 325,MARCY 325,MARCY 325‐2,Double,,CoEd,24‐25 Spring General Selection
MARCY HOUSE,MARCY FL 3,MARCY 336,MARCY 336,MARCY 336‐1,Double,,CoEd,24‐25 Spring General Selection
MARCY HOUSE,MARCY FL 3,MARCY 336,MARCY 336,MARCY 336‐2,Double,,CoEd,24‐25 Spring General Selection
MARCY HOUSE,MARCY FL 3,MARCY 340,MARCY 340,MARCY 340‐1,Double,,CoEd,24‐25 Spring General Selection
MARCY HOUSE,MARCY FL 3,MARCY 340,MARCY 340,MARCY 340‐2,Double,,CoEd,24‐25 Spring General Selection
MARCY HOUSE,MARCY FL 3,MARCY 341,MARCY 341,MARCY 341‐1,Double,,CoEd,24‐25 Spring General Selection
MARCY HOUSE,MARCY FL 3,MARCY 341,MARCY 341,MARCY 341‐2,Double,,CoEd,24‐25 Spring General Selection
MARCY HOUSE,MARCY FL 3,MARCY 342,MARCY 342,MARCY 342‐1,Double,,CoEd,24‐25 Spring General Selection
MARCY HOUSE,MARCY FL 3,MARCY 342,MARCY 342,MARCY 342‐2,Double,,CoEd,24‐25 Spring General Selection
MARCY HOUSE,MARCY FL 4,MARCY 438,MARCY 438,MARCY 438‐1,Double,,CoEd,24‐25 Spring General Selection
MARCY HOUSE,MARCY FL 4,MARCY 438,MARCY 438,MARCY 438‐2,Double,,CoEd,24‐25 Spring General Selection
OLNEY HOUSE,OLNEY FL 1,OLNEY 113,OLNEY 113,OLNEY 113‐1,Double,,CoEd,24‐25 Spring General Selection
OLNEY HOUSE,OLNEY FL 1,OLNEY 113,OLNEY 113,OLNEY 113‐2,Double,,CoEd,24‐25 Spring General Selection
OLNEY HOUSE,OLNEY FL 1,OLNEY 117,OLNEY 117,OLNEY 117‐1,Double,,CoEd,24‐25 Spring General Selection
OLNEY HOUSE,OLNEY FL 1,OLNEY 117,OLNEY 117,OLNEY 117‐2,Double,,CoEd,24‐25 Spring General Selection
OLNEY HOUSE,OLNEY FL 2,OLNEY 201,OLNEY 201,OLNEY 201‐1,Double,,CoEd,24‐25 Spring General Selection
OLNEY HOUSE,OLNEY FL 2,OLNEY 201,OLNEY 201,OLNEY 201‐2,Double,,CoEd,24‐25 Spring General Selection
OLNEY HOUSE,OLNEY FL 2,OLNEY 202,OLNEY 202,OLNEY 202‐1,Double,,CoEd,24‐25 Spring General Selection
OLNEY HOUSE,OLNEY FL 2,OLNEY 202,OLNEY 202,OLNEY 202‐2,Double,,CoEd,24‐25 Spring General Selection
OLNEY HOUSE,OLNEY FL 2,OLNEY 213,OLNEY 213,OLNEY 213‐1,Double,,CoEd,24‐25 Spring General Selection
OLNEY HOUSE,OLNEY FL 2,OLNEY 213,OLNEY 213,OLNEY 213‐2,Double,,CoEd,24‐25 Spring General Selection
OLNEY HOUSE,OLNEY FL 2,OLNEY 217,OLNEY 217,OLNEY 217‐1,Double,,CoEd,24‐25 Spring General Selection
OLNEY HOUSE,OLNEY FL 2,OLNEY 217,OLNEY 217,OLNEY 217‐2,Double,,CoEd,24‐25 Spring General Selection
OLNEY HOUSE,OLNEY FL 2,OLNEY 236,OLNEY 236,OLNEY 236‐1,Double,,CoEd,24‐25 Spring General Selection
OLNEY HOUSE,OLNEY FL 2,OLNEY 236,OLNEY 236,OLNEY 236‐2,Double,,CoEd,24‐25 Spring General Selection
OLNEY HOUSE,OLNEY FL 3,OLNEY 301,OLNEY 301,OLNEY 301‐1,Double,,CoEd,24‐25 Spring General Selection
OLNEY HOUSE,OLNEY FL 3,OLNEY 301,OLNEY 301,OLNEY 301‐2,Double,,CoEd,24‐25 Spring General Selection
OLNEY HOUSE,OLNEY FL 3,OLNEY 302,OLNEY 302,OLNEY 302‐1,Double,,CoEd,24‐25 Spring General Selection
OLNEY HOUSE,OLNEY FL 3,OLNEY 302,OLNEY 302,OLNEY 302‐2,Double,,CoEd,24‐25 Spring General Selection
OLNEY HOUSE,OLNEY FL 3,OLNEY 313,OLNEY 313,OLNEY 313‐1,Double,,CoEd,24‐25 Spring General Selection
OLNEY HOUSE,OLNEY FL 3,OLNEY 313,OLNEY 313,OLNEY 313‐2,Double,,CoEd,24‐25 Spring General Selection
OLNEY HOUSE,OLNEY FL 3,OLNEY 317,OLNEY 317,OLNEY 317‐1,Double,,CoEd,24‐25 Spring General Selection
OLNEY HOUSE,OLNEY FL 3,OLNEY 317,OLNEY 317,OLNEY 317‐2,Double,,CoEd,24‐25 Spring General Selection
OLNEY HOUSE,OLNEY FL 3,OLNEY 336,OLNEY 336,OLNEY 336‐1,Double,,CoEd,24‐25 Spring General Selection
OLNEY HOUSE,OLNEY FL 3,OLNEY 336,OLNEY 336,OLNEY 336‐2,Double,,CoEd,24‐25 Spring General Selection
OLNEY HOUSE,OLNEY FL 4,OLNEY 404,OLNEY 404,OLNEY 404‐1,Double,,CoEd,24‐25 Spring General Selection
OLNEY HOUSE,OLNEY FL 4,OLNEY 404,OLNEY 404,OLNEY 404‐2,Double,,CoEd,24‐25 Spring General Selection
OLNEY HOUSE,OLNEY FL 4,OLNEY 406,OLNEY 406,OLNEY 406‐1,Double,,CoEd,24‐25 Spring General Selection
OLNEY HOUSE,OLNEY FL 4,OLNEY 406,OLNEY 406,OLNEY 406‐2,Double,,CoEd,24‐25 Spring General Selection
OLNEY HOUSE,OLNEY FL 4,OLNEY 408,OLNEY 408,OLNEY 408‐1,Double,,CoEd,24‐25 Spring General Selection
OLNEY HOUSE,OLNEY FL 4,OLNEY 408,OLNEY 408,OLNEY 408‐2,Double,,CoEd,24‐25 Spring General Selection
OLNEY HOUSE,OLNEY FL 4,OLNEY 409,OLNEY 409,OLNEY 409‐1,Double,,CoEd,24‐25 Spring General Selection
OLNEY HOUSE,OLNEY FL 4,OLNEY 409,OLNEY 409,OLNEY 409‐2,Double,,CoEd,24‐25 Spring General Selection
OLNEY HOUSE,OLNEY FL 4,OLNEY 431,OLNEY 431,OLNEY 431‐1,Double,,CoEd,24‐25 Spring General Selection
OLNEY HOUSE,OLNEY FL 4,OLNEY 431,OLNEY 431,OLNEY 431‐2,Double,,CoEd,24‐25 Spring General Selection
OLNEY HOUSE,OLNEY FL 4,OLNEY 433,OLNEY 433,OLNEY 433‐1,Double,,CoEd,24‐25 Spring General Selection
OLNEY HOUSE,OLNEY FL 4,OLNEY 433,OLNEY 433,OLNEY 433‐2,Double,,CoEd,24‐25 Spring General Selection
PERKINS HALL,PERKINS FL 1,PERKINS 103,PERKINS 103,PERKINS 103‐1,Double,,CoEd,24‐25 Spring General Selection
PERKINS HALL,PERKINS FL 1,PERKINS 103,PERKINS 103,PERKINS 103‐2,Double,,CoEd,24‐25 Spring General Selection
PERKINS HALL,PERKINS FL 1,PERKINS 113,PERKINS 113,PERKINS 113‐1,Double,,CoEd,24‐25 Spring General Selection
PERKINS HALL,PERKINS FL 1,PERKINS 113,PERKINS 113,PERKINS 113‐2,Double,,CoEd,24‐25 Spring General Selection
PERKINS HALL,PERKINS FL 1,PERKINS 114,PERKINS 114,PERKINS 114‐1,Double,,CoEd,24‐25 Spring General Selection
PERKINS HALL,PERKINS FL 1,PERKINS 114,PERKINS 114,PERKINS 114‐2,Double,,CoEd,24‐25 Spring General Selection
PERKINS HALL,PERKINS FL 1,PERKINS 115,PERKINS 115,PERKINS 115‐1,Double,,CoEd,24‐25 Spring General Selection
PERKINS HALL,PERKINS FL 1,PERKINS 115,PERKINS 115,PERKINS 115‐2,Double,,CoEd,24‐25 Spring General Selection
PERKINS HALL,PERKINS FL 1,PERKINS 116,PERKINS 116,PERKINS 116‐1,Double,,CoEd,24‐25 Spring General Selection
PERKINS HALL,PERKINS FL 1,PERKINS 116,PERKINS 116,PERKINS 116‐2,Double,,CoEd,24‐25 Spring General Selection
PERKINS HALL,PERKINS FL 1,PERKINS 117,PERKINS 117,PERKINS 117‐1,Double,,CoEd,24‐25 Spring General Selection
PERKINS HALL,PERKINS FL 1,PERKINS 117,PERKINS 117,PERKINS 117‐2,Double,,CoEd,24‐25 Spring General Selection
PERKINS HALL,PERKINS FL 1,PERKINS 118,PERKINS 118,PERKINS 118‐1,Double,,CoEd,24‐25 Spring General Selection
PERKINS HALL,PERKINS FL 1,PERKINS 118,PERKINS 118,PERKINS 118‐2,Double,,CoEd,24‐25 Spring General Selection
PERKINS HALL,PERKINS FL 1,PERKINS 119,PERKINS 119,PERKINS 119‐1,Double,,CoEd,24‐25 Spring General Selection
PERKINS HALL,PERKINS FL 1,PERKINS 119,PERKINS 119,PERKINS 119‐2,Double,,CoEd,24‐25 Spring General Selection
PERKINS HALL,PERKINS FL 1,PERKINS 120,PERKINS 120,PERKINS 120‐1,Double,,CoEd,24‐25 Spring General Selection
PERKINS HALL,PERKINS FL 1,PERKINS 120,PERKINS 120,PERKINS 120‐2,Double,,CoEd,24‐25 Spring General Selection
PERKINS HALL,PERKINS FL 1,PERKINS 121,PERKINS 121,PERKINS 121‐1,Double,,CoEd,24‐25 Spring General Selection
PERKINS HALL,PERKINS FL 1,PERKINS 121,PERKINS 121,PERKINS 121‐2,Double,,CoEd,24‐25 Spring General Selection
PERKINS HALL,PERKINS FL 1,PERKINS 122,PERKINS 122,PERKINS 122‐1,Double,,CoEd,24‐25 Spring General Selection
PERKINS HALL,PERKINS FL 1,PERKINS 122,PERKINS 122,PERKINS 122‐2,Double,,CoEd,24‐25 Spring General Selection
PERKINS HALL,PERKINS FL 1,PERKINS 123,PERKINS 123,PERKINS 123‐1,Double,,CoEd,24‐25 Spring General Selection
PERKINS HALL,PERKINS FL 1,PERKINS 123,PERKINS 123,PERKINS 123‐2,Double,,CoEd,24‐25 Spring General Selection
PERKINS HALL,PERKINS FL 1,PERKINS 124,PERKINS 124,PERKINS 124‐1,Double,,CoEd,24‐25 Spring General Selection
PERKINS HALL,PERKINS FL 1,PERKINS 124,PERKINS 124,PERKINS 124‐2,Double,,CoEd,24‐25 Spring General Selection
PERKINS HALL,PERKINS FL 1,PERKINS 125,PERKINS 125,PERKINS 125‐1,Double,,CoEd,24‐25 Spring General Selection
PERKINS HALL,PERKINS FL 1,PERKINS 125,PERKINS 125,PERKINS 125‐2,Double,,CoEd,24‐25 Spring General Selection
PERKINS HALL,PERKINS FL 1,PERKINS 126,PERKINS 126,PERKINS 126‐1,Double,,CoEd,24‐25 Spring General Selection
PERKINS HALL,PERKINS FL 1,PERKINS 126,PERKINS 126,PERKINS 126‐2,Double,,CoEd,24‐25 Spring General Selection
PERKINS HALL,PERKINS FL 1,PERKINS 127,PERKINS 127,PERKINS 127‐1,Double,,CoEd,24‐25 Spring General Selection
PERKINS HALL,PERKINS FL 1,PERKINS 127,PERKINS 127,PERKINS 127‐2,Double,,CoEd,24‐25 Spring General Selection
PERKINS HALL,PERKINS FL 1,PERKINS 128,PERKINS 128,PERKINS 128‐1,Double,,CoEd,24‐25 Spring General Selection
PERKINS HALL,PERKINS FL 1,PERKINS 128,PERKINS 128,PERKINS 128‐2,Double,,CoEd,24‐25 Spring General Selection
PERKINS HALL,PERKINS FL 1,PERKINS 129,PERKINS 129,PERKINS 129‐1,Double,,CoEd,24‐25 Spring General Selection
PERKINS HALL,PERKINS FL 1,PERKINS 129,PERKINS 129,PERKINS 129‐2,Double,,CoEd,24‐25 Spring General Selection
PERKINS HALL,PERKINS FL 1,PERKINS 130,PERKINS 130,PERKINS 130‐1,Double,,CoEd,24‐25 Spring General Selection
PERKINS HALL,PERKINS FL 1,PERKINS 130,PERKINS 130,PERKINS 130‐2,Double,,CoEd,24‐25 Spring General Selection
PERKINS HALL,PERKINS FL 1,PERKINS 131,PERKINS 131,PERKINS 131‐1,Double,,CoEd,24‐25 Spring General Selection
PERKINS HALL,PERKINS FL 1,PERKINS 131,PERKINS 131,PERKINS 131‐2,Double,,CoEd,24‐25 Spring General Selection
PERKINS HALL,PERKINS FL 1,PERKINS 132,PERKINS 132,PERKINS 132‐1,Double,,CoEd,24‐25 Spring General Selection
PERKINS HALL,PERKINS FL 1,PERKINS 132,PERKINS 132,PERKINS 132‐2,Double,,CoEd,24‐25 Spring General Selection
PERKINS HALL,PERKINS FL 1,PERKINS 133,PERKINS 133,PERKINS 133‐1,Double,,CoEd,24‐25 Spring General Selection
PERKINS HALL,PERKINS FL 1,PERKINS 133,PERKINS 133,PERKINS 133‐2,Double,,CoEd,24‐25 Spring General Selection
PERKINS HALL,PERKINS FL 1,PERKINS 136,PERKINS 136,PERKINS 136‐1,Double,,CoEd,24‐25 Spring General Selection
PERKINS HALL,PERKINS FL 1,PERKINS 136,PERKINS 136,PERKINS 136‐2,Double,,CoEd,24‐25 Spring General Selection
PERKINS HALL,PERKINS FL 1,PERKINS 137,PERKINS 137,PERKINS 137‐1,Double,,CoEd,24‐25 Spring General Selection
PERKINS HALL,PERKINS FL 1,PERKINS 137,PERKINS 137,PERKINS 137‐2,Double,,CoEd,24‐25 Spring General Selection
PERKINS HALL,PERKINS FL 1,PERKINS 138,PERKINS 138,PERKINS 138‐1,Double,,CoEd,24‐25 Spring General Selection
PERKINS HALL,PERKINS FL 1,PERKINS 138,PERKINS 138,PERKINS 138‐2,Double,,CoEd,24‐25 Spring General Selection
PERKINS HALL,PERKINS FL 1,PERKINS 139,PERKINS 139,PERKINS 139‐1,Double,,CoEd,24‐25 Spring General Selection
PERKINS HALL,PERKINS FL 1,PERKINS 139,PERKINS 139,PERKINS 139‐2,Double,,CoEd,24‐25 Spring General Selection
PERKINS HALL,PERKINS FL 2,PERKINS 215,PERKINS 215,PERKINS 215‐1,Double,,CoEd,24‐25 Spring General Selection
PERKINS HALL,PERKINS FL 2,PERKINS 215,PERKINS 215,PERKINS 215‐2,Double,,CoEd,24‐25 Spring General Selection
PERKINS HALL,PERKINS FL 2,PERKINS 216,PERKINS 216,PERKINS 216‐1,Double,,CoEd,24‐25 Spring General Selection
PERKINS HALL,PERKINS FL 2,PERKINS 216,PERKINS 216,PERKINS 216‐2,Double,,CoEd,24‐25 Spring General Selection
PERKINS HALL,PERKINS FL 2,PERKINS 217,PERKINS 217,PERKINS 217‐1,Double,,CoEd,24‐25 Spring General Selection
PERKINS HALL,PERKINS FL 2,PERKINS 217,PERKINS 217,PERKINS 217‐2,Double,,CoEd,24‐25 Spring General Selection
PERKINS HALL,PERKINS FL 2,PERKINS 218,PERKINS 218,PERKINS 218‐1,Double,,CoEd,24‐25 Spring General Selection
PERKINS HALL,PERKINS FL 2,PERKINS 218,PERKINS 218,PERKINS 218‐2,Double,,CoEd,24‐25 Spring General Selection
PERKINS HALL,PERKINS FL 2,PERKINS 219,PERKINS 219,PERKINS 219‐1,Double,,CoEd,24‐25 Spring General Selection
PERKINS HALL,PERKINS FL 2,PERKINS 219,PERKINS 219,PERKINS 219‐2,Double,,CoEd,24‐25 Spring General Selection
PERKINS HALL,PERKINS FL 2,PERKINS 220,PERKINS 220,PERKINS 220‐1,Double,,CoEd,24‐25 Spring General Selection
PERKINS HALL,PERKINS FL 2,PERKINS 220,PERKINS 220,PERKINS 220‐2,Double,,CoEd,24‐25 Spring General Selection
PERKINS HALL,PERKINS FL 2,PERKINS 221,PERKINS 221,PERKINS 221‐1,Double,,CoEd,24‐25 Spring General Selection
PERKINS HALL,PERKINS FL 2,PERKINS 221,PERKINS 221,PERKINS 221‐2,Double,,CoEd,24‐25 Spring General Selection
PERKINS HALL,PERKINS FL 2,PERKINS 224,PERKINS 224,PERKINS 224‐1,Double,,CoEd,24‐25 Spring General Selection
PERKINS HALL,PERKINS FL 2,PERKINS 224,PERKINS 224,PERKINS 224‐2,Double,,CoEd,24‐25 Spring General Selection
PERKINS HALL,PERKINS FL 2,PERKINS 225,PERKINS 225,PERKINS 225‐1,Double,,CoEd,24‐25 Spring General Selection
PERKINS HALL,PERKINS FL 2,PERKINS 225,PERKINS 225,PERKINS 225‐2,Double,,CoEd,24‐25 Spring General Selection
PERKINS HALL,PERKINS FL 2,PERKINS 226,PERKINS 226,PERKINS 226‐1,Double,,CoEd,24‐25 Spring General Selection
PERKINS HALL,PERKINS FL 2,PERKINS 226,PERKINS 226,PERKINS 226‐2,Double,,CoEd,24‐25 Spring General Selection
PERKINS HALL,PERKINS FL 2,PERKINS 227,PERKINS 227,PERKINS 227‐1,Double,,CoEd,24‐25 Spring General Selection
PERKINS HALL,PERKINS FL 2,PERKINS 227,PERKINS 227,PERKINS 227‐2,Double,,CoEd,24‐25 Spring General Selection
PERKINS HALL,PERKINS FL 2,PERKINS 228,PERKINS 228,PERKINS 228‐1,Double,,CoEd,24‐25 Spring General Selection
PERKINS HALL,PERKINS FL 2,PERKINS 228,PERKINS 228,PERKINS 228‐2,Double,,CoEd,24‐25 Spring General Selection
PERKINS HALL,PERKINS FL 2,PERKINS 229,PERKINS 229,PERKINS 229‐1,Double,,CoEd,24‐25 Spring General Selection
PERKINS HALL,PERKINS FL 2,PERKINS 229,PERKINS 229,PERKINS 229‐2,Double,,CoEd,24‐25 Spring General Selection
PERKINS HALL,PERKINS FL 2,PERKINS 230,PERKINS 230,PERKINS 230‐1,Double,,CoEd,24‐25 Spring General Selection
PERKINS HALL,PERKINS FL 2,PERKINS 230,PERKINS 230,PERKINS 230‐2,Double,,CoEd,24‐25 Spring General Selection
PERKINS HALL,PERKINS FL 2,PERKINS 231,PERKINS 231,PERKINS 231‐1,Double,,CoEd,24‐25 Spring General Selection
PERKINS HALL,PERKINS FL 2,PERKINS 231,PERKINS 231,PERKINS 231‐2,Double,,CoEd,24‐25 Spring General Selection
PERKINS HALL,PERKINS FL 2,PERKINS 232,PERKINS 232,PERKINS 232‐1,Double,,CoEd,24‐25 Spring General Selection
PERKINS HALL,PERKINS FL 2,PERKINS 232,PERKINS 232,PERKINS 232‐2,Double,,CoEd,24‐25 Spring General Selection
PERKINS HALL,PERKINS FL 2,PERKINS 233,PERKINS 233,PERKINS 233‐1,Double,,CoEd,24‐25 Spring General Selection
PERKINS HALL,PERKINS FL 2,PERKINS 233,PERKINS 233,PERKINS 233‐2,Double,,CoEd,24‐25 Spring General Selection
PERKINS HALL,PERKINS FL 2,PERKINS 234,PERKINS 234,PERKINS 234‐1,Double,,CoEd,24‐25 Spring General Selection
PERKINS HALL,PERKINS FL 2,PERKINS 234,PERKINS 234,PERKINS 234‐2,Double,,CoEd,24‐25 Spring General Selection
PERKINS HALL,PERKINS FL 2,PERKINS 235,PERKINS 235,PERKINS 235‐1,Double,,CoEd,24‐25 Spring General Selection
PERKINS HALL,PERKINS FL 2,PERKINS 235,PERKINS 235,PERKINS 235‐2,Double,,CoEd,24‐25 Spring General Selection
PERKINS HALL,PERKINS FL 2,PERKINS 236,PERKINS 236,PERKINS 236‐1,Double,,CoEd,24‐25 Spring General Selection
PERKINS HALL,PERKINS FL 2,PERKINS 236,PERKINS 236,PERKINS 236‐2,Double,,CoEd,24‐25 Spring General Selection
PERKINS HALL,PERKINS FL 2,PERKINS 237,PERKINS 237,PERKINS 237‐1,Double,,CoEd,24‐25 Spring General Selection
PERKINS HALL,PERKINS FL 2,PERKINS 237,PERKINS 237,PERKINS 237‐2,Double,,CoEd,24‐25 Spring General Selection
PERKINS HALL,PERKINS FL 2,PERKINS 238,PERKINS 238,PERKINS 238‐1,Double,,CoEd,24‐25 Spring General Selection
PERKINS HALL,PERKINS FL 2,PERKINS 238,PERKINS 238,PERKINS 238‐2,Double,,CoEd,24‐25 Spring General Selection
PERKINS HALL,PERKINS FL 2,PERKINS 239,PERKINS 239,PERKINS 239‐1,Double,,CoEd,24‐25 Spring General Selection
PERKINS HALL,PERKINS FL 2,PERKINS 239,PERKINS 239,PERKINS 239‐2,Double,,CoEd,24‐25 Spring General Selection
PERKINS HALL,PERKINS FL 2,PERKINS 240,PERKINS 240,PERKINS 240‐1,Double,,CoEd,24‐25 Spring General Selection
PERKINS HALL,PERKINS FL 2,PERKINS 240,PERKINS 240,PERKINS 240‐2,Double,,CoEd,24‐25 Spring General Selection
PERKINS HALL,PERKINS FL 2,PERKINS 241,PERKINS 241,PERKINS 241‐1,Double,,CoEd,24‐25 Spring General Selection
PERKINS HALL,PERKINS FL 2,PERKINS 241,PERKINS 241,PERKINS 241‐2,Double,,CoEd,24‐25 Spring General Selection
PERKINS HALL,PERKINS FL 2,PERKINS 242,PERKINS 242,PERKINS 242‐1,Double,,CoEd,24‐25 Spring General Selection
PERKINS HALL,PERKINS FL 2,PERKINS 242,PERKINS 242,PERKINS 242‐2,Double,,CoEd,24‐25 Spring General Selection
PERKINS HALL,PERKINS FL 2,PERKINS 243,PERKINS 243,PERKINS 243‐1,Double,,CoEd,24‐25 Spring General Selection
PERKINS HALL,PERKINS FL 2,PERKINS 243,PERKINS 243,PERKINS 243‐2,Double,,CoEd,24‐25 Spring General Selection
PERKINS HALL,PERKINS FL 2,PERKINS 244,PERKINS 244,PERKINS 244‐1,Double,,CoEd,24‐25 Spring General Selection
PERKINS HALL,PERKINS FL 2,PERKINS 244,PERKINS 244,PERKINS 244‐2,Double,,CoEd,24‐25 Spring General Selection
PERKINS HALL,PERKINS FL 3,PERKINS 315,PERKINS 315,PERKINS 315‐1,Double,,CoEd,24‐25 Spring General Selection
PERKINS HALL,PERKINS FL 3,PERKINS 315,PERKINS 315,PERKINS 315‐2,Double,,CoEd,24‐25 Spring General Selection
PERKINS HALL,PERKINS FL 3,PERKINS 316,PERKINS 316,PERKINS 316‐1,Double,,CoEd,24‐25 Spring General Selection
PERKINS HALL,PERKINS FL 3,PERKINS 316,PERKINS 316,PERKINS 316‐2,Double,,CoEd,24‐25 Spring General Selection
PERKINS HALL,PERKINS FL 3,PERKINS 317,PERKINS 317,PERKINS 317‐1,Double,,CoEd,24‐25 Spring General Selection
PERKINS HALL,PERKINS FL 3,PERKINS 317,PERKINS 317,PERKINS 317‐2,Double,,CoEd,24‐25 Spring General Selection
PERKINS HALL,PERKINS FL 3,PERKINS 318,PERKINS 318,PERKINS 318‐1,Double,,CoEd,24‐25 Spring General Selection
PERKINS HALL,PERKINS FL 3,PERKINS 318,PERKINS 318,PERKINS 318‐2,Double,,CoEd,24‐25 Spring General Selection
PERKINS HALL,PERKINS FL 3,PERKINS 319,PERKINS 319,PERKINS 319‐1,Double,,CoEd,24‐25 Spring General Selection
PERKINS HALL,PERKINS FL 3,PERKINS 319,PERKINS 319,PERKINS 319‐2,Double,,CoEd,24‐25 Spring General Selection
PERKINS HALL,PERKINS FL 3,PERKINS 320,PERKINS 320,PERKINS 320‐1,Double,,CoEd,24‐25 Spring General Selection
PERKINS HALL,PERKINS FL 3,PERKINS 320,PERKINS 320,PERKINS 320‐2,Double,,CoEd,24‐25 Spring General Selection
PERKINS HALL,PERKINS FL 3,PERKINS 321,PERKINS 321,PERKINS 321‐1,Double,,CoEd,24‐25 Spring General Selection
PERKINS HALL,PERKINS FL 3,PERKINS 321,PERKINS 321,PERKINS 321‐2,Double,,CoEd,24‐25 Spring General Selection
PERKINS HALL,PERKINS FL 3,PERKINS 324,PERKINS 324,PERKINS 324‐1,Double,,CoEd,24‐25 Spring General Selection
PERKINS HALL,PERKINS FL 3,PERKINS 324,PERKINS 324,PERKINS 324‐2,Double,,CoEd,24‐25 Spring General Selection
PERKINS HALL,PERKINS FL 3,PERKINS 325,PERKINS 325,PERKINS 325‐1,Double,,CoEd,24‐25 Spring General Selection
PERKINS HALL,PERKINS FL 3,PERKINS 325,PERKINS 325,PERKINS 325‐2,Double,,CoEd,24‐25 Spring General Selection
PERKINS HALL,PERKINS FL 3,PERKINS 326,PERKINS 326,PERKINS 326‐1,Double,,CoEd,24‐25 Spring General Selection
PERKINS HALL,PERKINS FL 3,PERKINS 326,PERKINS 326,PERKINS 326‐2,Double,,CoEd,24‐25 Spring General Selection
PERKINS HALL,PERKINS FL 3,PERKINS 327,PERKINS 327,PERKINS 327‐1,Double,,CoEd,24‐25 Spring General Selection
PERKINS HALL,PERKINS FL 3,PERKINS 327,PERKINS 327,PERKINS 327‐2,Double,,CoEd,24‐25 Spring General Selection
PERKINS HALL,PERKINS FL 3,PERKINS 328,PERKINS 328,PERKINS 328‐1,Double,,CoEd,24‐25 Spring General Selection
PERKINS HALL,PERKINS FL 3,PERKINS 328,PERKINS 328,PERKINS 328‐2,Double,,CoEd,24‐25 Spring General Selection
PERKINS HALL,PERKINS FL 3,PERKINS 329,PERKINS 329,PERKINS 329‐1,Double,,CoEd,24‐25 Spring General Selection
PERKINS HALL,PERKINS FL 3,PERKINS 329,PERKINS 329,PERKINS 329‐2,Double,,CoEd,24‐25 Spring General Selection
PERKINS HALL,PERKINS FL 3,PERKINS 330,PERKINS 330,PERKINS 330‐1,Double,,CoEd,24‐25 Spring General Selection
PERKINS HALL,PERKINS FL 3,PERKINS 330,PERKINS 330,PERKINS 330‐2,Double,,CoEd,24‐25 Spring General Selection
PERKINS HALL,PERKINS FL 3,PERKINS 331,PERKINS 331,PERKINS 331‐1,Double,,CoEd,24‐25 Spring General Selection
PERKINS HALL,PERKINS FL 3,PERKINS 331,PERKINS 331,PERKINS 331‐2,Double,,CoEd,24‐25 Spring General Selection
PERKINS HALL,PERKINS FL 3,PERKINS 332,PERKINS 332,PERKINS 332‐1,Double,,CoEd,24‐25 Spring General Selection
PERKINS HALL,PERKINS FL 3,PERKINS 332,PERKINS 332,PERKINS 332‐2,Double,,CoEd,24‐25 Spring General Selection
PERKINS HALL,PERKINS FL 3,PERKINS 333,PERKINS 333,PERKINS 333‐1,Double,,CoEd,24‐25 Spring General Selection
PERKINS HALL,PERKINS FL 3,PERKINS 333,PERKINS 333,PERKINS 333‐2,Double,,CoEd,24‐25 Spring General Selection
PERKINS HALL,PERKINS FL 3,PERKINS 334,PERKINS 334,PERKINS 334‐1,Double,,CoEd,24‐25 Spring General Selection
PERKINS HALL,PERKINS FL 3,PERKINS 334,PERKINS 334,PERKINS 334‐2,Double,,CoEd,24‐25 Spring General Selection
PERKINS HALL,PERKINS FL 3,PERKINS 335,PERKINS 335,PERKINS 335‐1,Double,,CoEd,24‐25 Spring General Selection
PERKINS HALL,PERKINS FL 3,PERKINS 335,PERKINS 335,PERKINS 335‐2,Double,,CoEd,24‐25 Spring General Selection
PERKINS HALL,PERKINS FL 3,PERKINS 336,PERKINS 336,PERKINS 336‐1,Double,,CoEd,24‐25 Spring General Selection
PERKINS HALL,PERKINS FL 3,PERKINS 336,PERKINS 336,PERKINS 336‐2,Double,,CoEd,24‐25 Spring General Selection
PERKINS HALL,PERKINS FL 3,PERKINS 337,PERKINS 337,PERKINS 337‐1,Double,,CoEd,24‐25 Spring General Selection
PERKINS HALL,PERKINS FL 3,PERKINS 337,PERKINS 337,PERKINS 337‐2,Double,,CoEd,24‐25 Spring General Selection
PERKINS HALL,PERKINS FL 3,PERKINS 338,PERKINS 338,PERKINS 338‐1,Double,,CoEd,24‐25 Spring General Selection
PERKINS HALL,PERKINS FL 3,PERKINS 338,PERKINS 338,PERKINS 338‐2,Double,,CoEd,24‐25 Spring General Selection
PERKINS HALL,PERKINS FL 3,PERKINS 339,PERKINS 339,PERKINS 339‐1,Double,,CoEd,24‐25 Spring General Selection
PERKINS HALL,PERKINS FL 3,PERKINS 339,PERKINS 339,PERKINS 339‐2,Double,,CoEd,24‐25 Spring General Selection
PERKINS HALL,PERKINS FL 3,PERKINS 340,PERKINS 340,PERKINS 340‐1,Double,,CoEd,24‐25 Spring General Selection
PERKINS HALL,PERKINS FL 3,PERKINS 340,PERKINS 340,PERKINS 340‐2,Double,,CoEd,24‐25 Spring General Selection
PERKINS HALL,PERKINS FL 3,PERKINS 341,PERKINS 341,PERKINS 341‐1,Double,,CoEd,24‐25 Spring General Selection
PERKINS HALL,PERKINS FL 3,PERKINS 341,PERKINS 341,PERKINS 341‐2,Double,,CoEd,24‐25 Spring General Selection
PERKINS HALL,PERKINS FL 3,PERKINS 342,PERKINS 342,PERKINS 342‐1,Double,,CoEd,24‐25 Spring General Selection
PERKINS HALL,PERKINS FL 3,PERKINS 342,PERKINS 342,PERKINS 342‐2,Double,,CoEd,24‐25 Spring General Selection
PERKINS HALL,PERKINS FL 3,PERKINS 343,PERKINS 343,PERKINS 343‐1,Double,,CoEd,24‐25 Spring General Selection
PERKINS HALL,PERKINS FL 3,PERKINS 343,PERKINS 343,PERKINS 343‐2,Double,,CoEd,24‐25 Spring General Selection
PERKINS HALL,PERKINS FL 3,PERKINS 344,PERKINS 344,PERKINS 344‐1,Double,,CoEd,24‐25 Spring General Selection
PERKINS HALL,PERKINS FL 3,PERKINS 344,PERKINS 344,PERKINS 344‐2,Double,,CoEd,24‐25 Spring General Selection
SEARS HOUSE,SEARS FL 1,SEARS 113,SEARS 113,SEARS 113‐1,Double,,CoEd,24‐25 Spring General Selection
SEARS HOUSE,SEARS FL 1,SEARS 113,SEARS 113,SEARS 113‐2,Double,,CoEd,24‐25 Spring General Selection
SEARS HOUSE,SEARS FL 1,SEARS 117,SEARS 117,SEARS 117‐1,Double,,CoEd,24‐25 Spring General Selection
SEARS HOUSE,SEARS FL 1,SEARS 117,SEARS 117,SEARS 117‐2,Double,,CoEd,24‐25 Spring General Selection
SEARS HOUSE,SEARS FL 2,SEARS 201,SEARS 201,SEARS 201‐1,Double,,CoEd,24‐25 Spring General Selection
SEARS HOUSE,SEARS FL 2,SEARS 201,SEARS 201,SEARS 201‐2,Double,,CoEd,24‐25 Spring General Selection
SEARS HOUSE,SEARS FL 2,SEARS 202,SEARS 202,SEARS 202‐1,Double,,CoEd,24‐25 Spring General Selection
SEARS HOUSE,SEARS FL 2,SEARS 202,SEARS 202,SEARS 202‐2,Double,,CoEd,24‐25 Spring General Selection
SEARS HOUSE,SEARS FL 2,SEARS 207,SEARS 207,SEARS 207‐1,Double,,CoEd,24‐25 Spring General Selection
SEARS HOUSE,SEARS FL 2,SEARS 207,SEARS 207,SEARS 207‐2,Double,,CoEd,24‐25 Spring General Selection
SEARS HOUSE,SEARS FL 2,SEARS 213,SEARS 213,SEARS 213‐1,Double,,CoEd,24‐25 Spring General Selection
SEARS HOUSE,SEARS FL 2,SEARS 213,SEARS 213,SEARS 213‐2,Double,,CoEd,24‐25 Spring General Selection
SEARS HOUSE,SEARS FL 2,SEARS 217,SEARS 217,SEARS 217‐1,Double,,CoEd,24‐25 Spring General Selection
SEARS HOUSE,SEARS FL 2,SEARS 217,SEARS 217,SEARS 217‐2,Double,,CoEd,24‐25 Spring General Selection
SEARS HOUSE,SEARS FL 2,SEARS 223,SEARS 223,SEARS 223‐1,Double,,CoEd,24‐25 Spring General Selection
SEARS HOUSE,SEARS FL 2,SEARS 223,SEARS 223,SEARS 223‐2,Double,,CoEd,24‐25 Spring General Selection
SEARS HOUSE,SEARS FL 2,SEARS 229,SEARS 229,SEARS 229‐1,Double,,CoEd,24‐25 Spring General Selection
SEARS HOUSE,SEARS FL 2,SEARS 229,SEARS 229,SEARS 229‐2,Double,,CoEd,24‐25 Spring General Selection
SEARS HOUSE,SEARS FL 2,SEARS 230,SEARS 230,SEARS 230‐1,Double,,CoEd,24‐25 Spring General Selection
SEARS HOUSE,SEARS FL 2,SEARS 230,SEARS 230,SEARS 230‐2,Double,,CoEd,24‐25 Spring General Selection
SEARS HOUSE,SEARS FL 3,SEARS 301,SEARS 301,SEARS 301‐1,Double,,CoEd,24‐25 Spring General Selection
SEARS HOUSE,SEARS FL 3,SEARS 301,SEARS 301,SEARS 301‐2,Double,,CoEd,24‐25 Spring General Selection
SEARS HOUSE,SEARS FL 3,SEARS 302,SEARS 302,SEARS 302‐1,Double,,CoEd,24‐25 Spring General Selection
SEARS HOUSE,SEARS FL 3,SEARS 302,SEARS 302,SEARS 302‐2,Double,,CoEd,24‐25 Spring General Selection
SEARS HOUSE,SEARS FL 3,SEARS 304,SEARS 304,SEARS 304‐1,Double,,CoEd,24‐25 Spring General Selection
SEARS HOUSE,SEARS FL 3,SEARS 304,SEARS 304,SEARS 304‐2,Double,,CoEd,24‐25 Spring General Selection
SEARS HOUSE,SEARS FL 3,SEARS 307,SEARS 307,SEARS 307‐1,Double,,CoEd,24‐25 Spring General Selection
SEARS HOUSE,SEARS FL 3,SEARS 307,SEARS 307,SEARS 307‐2,Double,,CoEd,24‐25 Spring General Selection
SEARS HOUSE,SEARS FL 3,SEARS 308,SEARS 308,SEARS 308‐1,Double,,CoEd,24‐25 Spring General Selection
SEARS HOUSE,SEARS FL 3,SEARS 308,SEARS 308,SEARS 308‐2,Double,,CoEd,24‐25 Spring General Selection
SEARS HOUSE,SEARS FL 3,SEARS 313,SEARS 313,SEARS 313‐1,Double,,CoEd,24‐25 Spring General Selection
SEARS HOUSE,SEARS FL 3,SEARS 313,SEARS 313,SEARS 313‐2,Double,,CoEd,24‐25 Spring General Selection
SEARS HOUSE,SEARS FL 3,SEARS 314,SEARS 314,SEARS 314‐1,Double,,CoEd,24‐25 Spring General Selection
SEARS HOUSE,SEARS FL 3,SEARS 314,SEARS 314,SEARS 314‐2,Double,,CoEd,24‐25 Spring General Selection
SEARS HOUSE,SEARS FL 3,SEARS 317,SEARS 317,SEARS 317‐1,Double,,CoEd,24‐25 Spring General Selection
SEARS HOUSE,SEARS FL 3,SEARS 317,SEARS 317,SEARS 317‐2,Double,,CoEd,24‐25 Spring General Selection
SEARS HOUSE,SEARS FL 3,SEARS 323,SEARS 323,SEARS 323‐1,Double,,CoEd,24‐25 Spring General Selection
SEARS HOUSE,SEARS FL 3,SEARS 323,SEARS 323,SEARS 323‐2,Double,,CoEd,24‐25 Spring General Selection
SEARS HOUSE,SEARS FL 3,SEARS 324,SEARS 324,SEARS 324‐1,Double,,CoEd,24‐25 Spring General Selection
SEARS HOUSE,SEARS FL 3,SEARS 324,SEARS 324,SEARS 324‐2,Double,,CoEd,24‐25 Spring General Selection
SEARS HOUSE,SEARS FL 3,SEARS 328,SEARS 328,SEARS 328‐1,Double,,CoEd,24‐25 Spring General Selection
SEARS HOUSE,SEARS FL 3,SEARS 328,SEARS 328,SEARS 328‐2,Double,,CoEd,24‐25 Spring General Selection
SEARS HOUSE,SEARS FL 3,SEARS 329,SEARS 329,SEARS 329‐1,Double,,CoEd,24‐25 Spring General Selection
SEARS HOUSE,SEARS FL 3,SEARS 329,SEARS 329,SEARS 329‐2,Double,,CoEd,24‐25 Spring General Selection
SEARS HOUSE,SEARS FL 3,SEARS 330,SEARS 330,SEARS 330‐1,Double,,CoEd,24‐25 Spring General Selection
SEARS HOUSE,SEARS FL 3,SEARS 330,SEARS 330,SEARS 330‐2,Double,,CoEd,24‐25 Spring General Selection
SEARS HOUSE,SEARS FL 4,SEARS 401,SEARS 401,SEARS 401‐1,Double,,CoEd,24‐25 Spring General Selection
SEARS HOUSE,SEARS FL 4,SEARS 401,SEARS 401,SEARS 401‐2,Double,,CoEd,24‐25 Spring General Selection
SEARS HOUSE,SEARS FL 4,SEARS 430,SEARS 430,SEARS 430‐1,Double,,CoEd,24‐25 Spring General Selection
SEARS HOUSE,SEARS FL 4,SEARS 430,SEARS 430,SEARS 430‐2,Double,,CoEd,24‐25 Spring General Selection
SLATER HALL,SLATER FL 4,SLATER 405,SLATER 405,SLATER 405‐1,Double,,CoEd,24‐25 Spring General Selection
SLATER HALL,SLATER FL 4,SLATER 405,SLATER 405,SLATER 405‐2,Double,,CoEd,24‐25 Spring General Selection
STERNLICHT COMMONS,STERNLICHT FL 2,STERNLICHT 232,STERNLICHT 232,STERNLICHT 232‐1,Single,,CoEd,24‐25 Wellness Single
STERNLICHT COMMONS,STERNLICHT FL 2,STERNLICHT 259,STERNLICHT 259,STERNLICHT 259‐1,Single,,CoEd,24‐25 Wellness Single
STERNLICHT COMMONS,STERNLICHT FL 2,STERNLICHT 280,STERNLICHT 280,STERNLICHT 280‐1,Single,,CoEd,24‐25 Wellness Single
STERNLICHT COMMONS,STERNLICHT FL 2,STERNLICHT 281,STERNLICHT 281,STERNLICHT 281‐1,Single,,CoEd,24‐25 Wellness Single
STERNLICHT COMMONS,STERNLICHT FL 2,STERNLICHT 291,STERNLICHT 291 291A,STERNLICHT 291 291A‐1,Single (Suite/Apartment),4,CoEd,24‐25 Wellness Suite
STERNLICHT COMMONS,STERNLICHT FL 2,STERNLICHT 291,STERNLICHT 291 291B,STERNLICHT 291 291B‐1,Single (Suite/Apartment),4,CoEd,24‐25 Wellness Suite
STERNLICHT COMMONS,STERNLICHT FL 2,STERNLICHT 291,STERNLICHT 291 291C,STERNLICHT 291 291C‐1,Single (Suite/Apartment),4,CoEd,24‐25 Wellness Suite
STERNLICHT COMMONS,STERNLICHT FL 2,STERNLICHT 291,STERNLICHT 291 291D,STERNLICHT 291 291D‐1,Single (Suite/Apartment),4,CoEd,24‐25 Wellness Suite
STERNLICHT COMMONS,STERNLICHT FL 3,STERNLICHT 319,STERNLICHT 319,STERNLICHT 319‐1,Single,,CoEd,24‐25 Wellness Single
STERNLICHT COMMONS,STERNLICHT FL 3,STERNLICHT 359,STERNLICHT 359,STERNLICHT 359‐1,Single,,CoEd,24‐25 Wellness Single
STERNLICHT COMMONS,STERNLICHT FL 4,STERNLICHT 481,STERNLICHT 481,STERNLICHT 481‐1,Single,,CoEd,24‐25 Wellness Sub Free Single
WAYLAND HOUSE,WAYLAND FL 1 N,WAYLAND 105,WAYLAND 105,WAYLAND 105‐1,Double,,CoEd,24‐25 Spring General Selection
WAYLAND HOUSE,WAYLAND FL 1 N,WAYLAND 105,WAYLAND 105,WAYLAND 105‐2,Double,,CoEd,24‐25 Spring General Selection
WAYLAND HOUSE,WAYLAND FL 1 N,WAYLAND 111,WAYLAND 111,WAYLAND 111‐1,Double,,CoEd,24‐25 Spring General Selection
WAYLAND HOUSE,WAYLAND FL 1 N,WAYLAND 111,WAYLAND 111,WAYLAND 111‐2,Double,,CoEd,24‐25 Spring General Selection
WAYLAND HOUSE,WAYLAND FL 1 N,WAYLAND 114,WAYLAND 114,WAYLAND 114‐1,Double,,CoEd,24‐25 Spring General Selection
WAYLAND HOUSE,WAYLAND FL 1 N,WAYLAND 114,WAYLAND 114,WAYLAND 114‐2,Double,,CoEd,24‐25 Spring General Selection
WAYLAND HOUSE,WAYLAND FL 1 N,WAYLAND 116,WAYLAND 116,WAYLAND 116‐1,Double,,CoEd,24‐25 Spring General Selection
WAYLAND HOUSE,WAYLAND FL 1 N,WAYLAND 116,WAYLAND 116,WAYLAND 116‐2,Double,,CoEd,24‐25 Spring General Selection
WAYLAND HOUSE,WAYLAND FL 1 N,WAYLAND 120,WAYLAND 120,WAYLAND 120‐1,Triple,,CoEd,24‐25 Spring General Selection
WAYLAND HOUSE,WAYLAND FL 1 N,WAYLAND 120,WAYLAND 120,WAYLAND 120‐2,Triple,,CoEd,24‐25 Spring General Selection
WAYLAND HOUSE,WAYLAND FL 1 N,WAYLAND 120,WAYLAND 120,WAYLAND 120‐3,Triple,,CoEd,24‐25 Spring General Selection
WAYLAND HOUSE,WAYLAND FL 1 N,WAYLAND 123,WAYLAND 123,WAYLAND 123‐1,Triple,,CoEd,24‐25 Spring General Selection
WAYLAND HOUSE,WAYLAND FL 1 N,WAYLAND 123,WAYLAND 123,WAYLAND 123‐2,Triple,,CoEd,24‐25 Spring General Selection
WAYLAND HOUSE,WAYLAND FL 1 N,WAYLAND 123,WAYLAND 123,WAYLAND 123‐3,Triple,,CoEd,24‐25 Spring General Selection
WAYLAND HOUSE,WAYLAND FL 1 S,WAYLAND 130,WAYLAND 130,WAYLAND 130‐1,Triple,,CoEd,24‐25 Spring General Selection
WAYLAND HOUSE,WAYLAND FL 1 S,WAYLAND 130,WAYLAND 130,WAYLAND 130‐2,Triple,,CoEd,24‐25 Spring General Selection
WAYLAND HOUSE,WAYLAND FL 1 S,WAYLAND 130,WAYLAND 130,WAYLAND 130‐3,Triple,,CoEd,24‐25 Spring General Selection
WAYLAND HOUSE,WAYLAND FL 1 S,WAYLAND 134,WAYLAND 134,WAYLAND 134‐1,Double,,CoEd,24‐25 Spring General Selection
WAYLAND HOUSE,WAYLAND FL 1 S,WAYLAND 134,WAYLAND 134,WAYLAND 134‐2,Double,,CoEd,24‐25 Spring General Selection
WAYLAND HOUSE,WAYLAND FL 1 S,WAYLAND 136,WAYLAND 136,WAYLAND 136‐1,Double,,CoEd,24‐25 Spring General Selection
WAYLAND HOUSE,WAYLAND FL 1 S,WAYLAND 136,WAYLAND 136,WAYLAND 136‐2,Double,,CoEd,24‐25 Spring General Selection
WAYLAND HOUSE,WAYLAND FL 1 S,WAYLAND 139,WAYLAND 139,WAYLAND 139‐1,Double,,CoEd,24‐25 Spring General Selection
WAYLAND HOUSE,WAYLAND FL 1 S,WAYLAND 139,WAYLAND 139,WAYLAND 139‐2,Double,,CoEd,24‐25 Spring General Selection
WAYLAND HOUSE,WAYLAND FL 1 S,WAYLAND 143,WAYLAND 143,WAYLAND 143‐1,Double,,CoEd,24‐25 Spring General Selection
WAYLAND HOUSE,WAYLAND FL 1 S,WAYLAND 143,WAYLAND 143,WAYLAND 143‐2,Double,,CoEd,24‐25 Spring General Selection
WAYLAND HOUSE,WAYLAND FL 2,WAYLAND 201,WAYLAND 201,WAYLAND 201‐1,Double,,CoEd,24‐25 Spring General Selection
WAYLAND HOUSE,WAYLAND FL 2,WAYLAND 201,WAYLAND 201,WAYLAND 201‐2,Double,,CoEd,24‐25 Spring General Selection
WAYLAND HOUSE,WAYLAND FL 2,WAYLAND 202,WAYLAND 202,WAYLAND 202‐1,Double,,CoEd,24‐25 Spring General Selection
WAYLAND HOUSE,WAYLAND FL 2,WAYLAND 202,WAYLAND 202,WAYLAND 202‐2,Double,,CoEd,24‐25 Spring General Selection
WAYLAND HOUSE,WAYLAND FL 2,WAYLAND 204,WAYLAND 204,WAYLAND 204‐1,Double,,CoEd,24‐25 Spring General Selection
WAYLAND HOUSE,WAYLAND FL 2,WAYLAND 204,WAYLAND 204,WAYLAND 204‐2,Double,,CoEd,24‐25 Spring General Selection
WAYLAND HOUSE,WAYLAND FL 2,WAYLAND 214,WAYLAND 214,WAYLAND 214‐1,Double,,CoEd,24‐25 Spring General Selection
WAYLAND HOUSE,WAYLAND FL 2,WAYLAND 214,WAYLAND 214,WAYLAND 214‐2,Double,,CoEd,24‐25 Spring General Selection
WAYLAND HOUSE,WAYLAND FL 2,WAYLAND 216,WAYLAND 216,WAYLAND 216‐1,Double,,CoEd,24‐25 Spring General Selection
WAYLAND HOUSE,WAYLAND FL 2,WAYLAND 216,WAYLAND 216,WAYLAND 216‐2,Double,,CoEd,24‐25 Spring General Selection
WAYLAND HOUSE,WAYLAND FL 2,WAYLAND 227,WAYLAND 227,WAYLAND 227‐1,Double,,CoEd,24‐25 Spring General Selection
WAYLAND HOUSE,WAYLAND FL 2,WAYLAND 227,WAYLAND 227,WAYLAND 227‐2,Double,,CoEd,24‐25 Spring General Selection
WAYLAND HOUSE,WAYLAND FL 2,WAYLAND 236,WAYLAND 236,WAYLAND 236‐1,Double,,CoEd,24‐25 Spring General Selection
WAYLAND HOUSE,WAYLAND FL 2,WAYLAND 236,WAYLAND 236,WAYLAND 236‐2,Double,,CoEd,24‐25 Spring General Selection
WAYLAND HOUSE,WAYLAND FL 2,WAYLAND 248,WAYLAND 248,WAYLAND 248‐1,Double,,CoEd,24‐25 Spring General Selection
WAYLAND HOUSE,WAYLAND FL 2,WAYLAND 248,WAYLAND 248,WAYLAND 248‐2,Double,,CoEd,24‐25 Spring General Selection
WAYLAND HOUSE,WAYLAND FL 2,WAYLAND 249,WAYLAND 249,WAYLAND 249‐1,Double,,CoEd,24‐25 Spring General Selection
WAYLAND HOUSE,WAYLAND FL 2,WAYLAND 249,WAYLAND 249,WAYLAND 249‐2,Double,,CoEd,24‐25 Spring General Selection
WAYLAND HOUSE,WAYLAND FL 3,WAYLAND 301,WAYLAND 301,WAYLAND 301‐1,Double,,CoEd,24‐25 Spring General Selection
WAYLAND HOUSE,WAYLAND FL 3,WAYLAND 301,WAYLAND 301,WAYLAND 301‐2,Double,,CoEd,24‐25 Spring General Selection
WAYLAND HOUSE,WAYLAND FL 3,WAYLAND 302,WAYLAND 302,WAYLAND 302‐1,Double,,CoEd,24‐25 Spring General Selection
WAYLAND HOUSE,WAYLAND FL 3,WAYLAND 302,WAYLAND 302,WAYLAND 302‐2,Double,,CoEd,24‐25 Spring General Selection
WAYLAND HOUSE,WAYLAND FL 3,WAYLAND 303,WAYLAND 303,WAYLAND 303‐1,Double,,CoEd,24‐25 Spring General Selection
WAYLAND HOUSE,WAYLAND FL 3,WAYLAND 303,WAYLAND 303,WAYLAND 303‐2,Double,,CoEd,24‐25 Spring General Selection
WAYLAND HOUSE,WAYLAND FL 3,WAYLAND 305,WAYLAND 305,WAYLAND 305‐1,Double,,CoEd,24‐25 Spring General Selection
WAYLAND HOUSE,WAYLAND FL 3,WAYLAND 305,WAYLAND 305,WAYLAND 305‐2,Double,,CoEd,24‐25 Spring General Selection
WAYLAND HOUSE,WAYLAND FL 3,WAYLAND 307,WAYLAND 307,WAYLAND 307‐1,Double,,CoEd,24‐25 Spring General Selection
WAYLAND HOUSE,WAYLAND FL 3,WAYLAND 307,WAYLAND 307,WAYLAND 307‐2,Double,,CoEd,24‐25 Spring General Selection
WAYLAND HOUSE,WAYLAND FL 3,WAYLAND 311,WAYLAND 311,WAYLAND 311‐1,Double,,CoEd,24‐25 Spring General Selection
WAYLAND HOUSE,WAYLAND FL 3,WAYLAND 311,WAYLAND 311,WAYLAND 311‐2,Double,,CoEd,24‐25 Spring General Selection
WAYLAND HOUSE,WAYLAND FL 3,WAYLAND 314,WAYLAND 314,WAYLAND 314‐1,Double,,CoEd,24‐25 Spring General Selection
WAYLAND HOUSE,WAYLAND FL 3,WAYLAND 314,WAYLAND 314,WAYLAND 314‐2,Double,,CoEd,24‐25 Spring General Selection
WAYLAND HOUSE,WAYLAND FL 3,WAYLAND 316,WAYLAND 316,WAYLAND 316‐1,Double,,CoEd,24‐25 Spring General Selection
WAYLAND HOUSE,WAYLAND FL 3,WAYLAND 316,WAYLAND 316,WAYLAND 316‐2,Double,,CoEd,24‐25 Spring General Selection
WAYLAND HOUSE,WAYLAND FL 3,WAYLAND 334,WAYLAND 334,WAYLAND 334‐1,Double,,CoEd,24‐25 Spring General Selection
WAYLAND HOUSE,WAYLAND FL 3,WAYLAND 334,WAYLAND 334,WAYLAND 334‐2,Double,,CoEd,24‐25 Spring General Selection
WAYLAND HOUSE,WAYLAND FL 3,WAYLAND 336,WAYLAND 336,WAYLAND 336‐1,Double,,CoEd,24‐25 Spring General Selection
WAYLAND HOUSE,WAYLAND FL 3,WAYLAND 336,WAYLAND 336,WAYLAND 336‐2,Double,,CoEd,24‐25 Spring General Selection
WAYLAND HOUSE,WAYLAND FL 3,WAYLAND 339,WAYLAND 339,WAYLAND 339‐1,Double,,CoEd,24‐25 Spring General Selection
WAYLAND HOUSE,WAYLAND FL 3,WAYLAND 339,WAYLAND 339,WAYLAND 339‐2,Double,,CoEd,24‐25 Spring General Selection
WAYLAND HOUSE,WAYLAND FL 3,WAYLAND 343,WAYLAND 343,WAYLAND 343‐1,Double,,CoEd,24‐25 Spring General Selection
WAYLAND HOUSE,WAYLAND FL 3,WAYLAND 343,WAYLAND 343,WAYLAND 343‐2,Double,,CoEd,24‐25 Spring General Selection
WAYLAND HOUSE,WAYLAND FL 3,WAYLAND 345,WAYLAND 345,WAYLAND 345‐1,Double,,CoEd,24‐25 Spring General Selection
WAYLAND HOUSE,WAYLAND FL 3,WAYLAND 345,WAYLAND 345,WAYLAND 345‐2,Double,,CoEd,24‐25 Spring General Selection
WAYLAND HOUSE,WAYLAND FL 3,WAYLAND 347,WAYLAND 347,WAYLAND 347‐1,Double,,CoEd,24‐25 Spring General Selection
WAYLAND HOUSE,WAYLAND FL 3,WAYLAND 347,WAYLAND 347,WAYLAND 347‐2,Double,,CoEd,24‐25 Spring General Selection
WAYLAND HOUSE,WAYLAND FL 3,WAYLAND 348,WAYLAND 348,WAYLAND 348‐1,Double,,CoEd,24‐25 Spring General Selection
WAYLAND HOUSE,WAYLAND FL 3,WAYLAND 348,WAYLAND 348,WAYLAND 348‐2,Double,,CoEd,24‐25 Spring General Selection
WAYLAND HOUSE,WAYLAND FL 3,WAYLAND 349,WAYLAND 349,WAYLAND 349‐1,Double,,CoEd,24‐25 Spring General Selection
WAYLAND HOUSE,WAYLAND FL 3,WAYLAND 349,WAYLAND 349,WAYLAND 349‐2,Double,,CoEd,24‐25 Spring General Selection
WAYLAND HOUSE,WAYLAND FL 4 N,WAYLAND 405,WAYLAND 405,WAYLAND 405‐1,Double,,CoEd,24‐25 Spring General Selection
WAYLAND HOUSE,WAYLAND FL 4 N,WAYLAND 405,WAYLAND 405,WAYLAND 405‐2,Double,,CoEd,24‐25 Spring General Selection
WAYLAND HOUSE,WAYLAND FL 4 N,WAYLAND 407,WAYLAND 407,WAYLAND 407‐1,Double,,CoEd,24‐25 Spring General Selection
WAYLAND HOUSE,WAYLAND FL 4 N,WAYLAND 407,WAYLAND 407,WAYLAND 407‐2,Double,,CoEd,24‐25 Spring General Selection
WAYLAND HOUSE,WAYLAND FL 4 S,WAYLAND 443,WAYLAND 443,WAYLAND 443‐1,Double,,CoEd,24‐25 Spring General Selection
WAYLAND HOUSE,WAYLAND FL 4 S,WAYLAND 443,WAYLAND 443,WAYLAND 443‐2,Double,,CoEd,24‐25 Spring General Selection
WAYLAND HOUSE,WAYLAND FL 4 S,WAYLAND 445,WAYLAND 445,WAYLAND 445‐1,Double,,CoEd,24‐25 Spring General Selection
WAYLAND HOUSE,WAYLAND FL 4 S,WAYLAND 445,WAYLAND 445,WAYLAND 445‐2,Double,,CoEd,24‐25 Spring General Selection
,,,,,,,,
