Year,Date,Home/Away,Opponent,Result,Score,Location
1878,11/13/1878,at,Amherst,L,0-4,"Amherst, Mass."
1880,11/13/1880,at,Yale,L,0-5,"New Haven, Conn."
1886,10/02/1886,vs,Providence High School,W,70-0,"Providence, R.I."
1886,10/09/1886,vs,Boston University,L,6-10,
1889,10/12/1889,vs,Pawtucket Cricket Club,W,14-0,
1889,10/19/1889,at,MIT,L,0-48,"Boston, Mass. (South End Grounds)"
1889,10/26/1889,vs,Tufts,W,16-0,
1889,11/02/1889,vs,Boston Athletic Association,L,0-16,
1890,10/08/1890,at,MIT,T,8-8,"Boston, Mass. (South End Grounds)"
1890,10/11/1890,at,Fall River,L,0-8,"Fall River, Mass."
1890,10/18/1890,at,Tufts,W,14-0,"Medford, Mass."
1890,10/25/1890,vs,Boston Athletic Association,L,12-26,
1890,11/08/1890,at,Trinity (Conn.),L,16-20,"Hartford, Conn."
1890,11/15/1890,vs,Harvard Freshmen,W,22-8,
1890,11/21/1890,vs,Wesleyan,L,6-34,"Springfield, Mass. (Hampden Park)"
1891,09/30/1891,at,MIT,W,6-4,"Boston, Mass."
1891,10/03/1891,vs,Trinity (Conn.),L,0-8,"Providence, R.I."
1891,10/07/1891,at,Fall River,W,18-4,"Fall River, Mass."
1891,10/10/1891,at,Phillips Academy Andover,L,0-26,"Andover, Mass."
1891,10/17/1891,at,Bowdoin,L,18-22,"Portland, Maine"
1891,10/24/1891,vs,Bowdoin,W,18-0,"Providence, R.I."
1891,10/28/1891,vs,MIT,L,6-14,"Providence, R.I."
1891,11/04/1891,at,Williams,L,0-58,"Williamstown, Mass."
1891,11/07/1891,at,WPI,W,32-6,"Worcester, Mass."
1891,11/14/1891,vs,Tufts,L,12-34,"Providence, R.I."
1892,10/08/1892,vs,WPI,W,8-4,"Providence, R.I."
1892,10/12/1892,at,Fall River,W,24-0,"Fall River, Mass."
1892,10/19/1892,at,Phillips Academy Andover,W,6-4,"Andover, Mass."
1892,10/21/1892,vs,MIT,L,6-30,"New Bedford, Mass."
1892,11/01/1892,vs,Tufts,L,4-24,"Providence, R.I."
1892,11/05/1892,vs,Trinity (Conn.),T,0-0,"Providence, R.I."
1892,11/09/1892,vs,MIT,L,6-12,"Providence, R.I."
1892,11/11/1892,vs,Bowdoin,L,0-8,"Providence, R.I."
1892,11/12/1892,at,WPI,L,0-4,"Worcester, Mass."
1892,11/16/1892,vs,Wesleyan,W,6-4,"Providence, R.I."
1893,10/04/1893,at,Yale,L,0-18,"New Haven, Conn."
1893,10/07/1893,at,WPI,W,30-0,"Worcester, Mass."
1893,10/14/1893,vs,Boston Athletic Club,L,0-6,"Providence, R.I."
1893,10/21/1893,vs,Trinity (Conn.),W,34-0,"Providence, R.I."
1893,10/25/1893,at,Phillips Academy Andover,W,10-0,"Andover, Mass."
1893,10/28/1893,at,Harvard,L,0-58,"Cambridge, Mass."
1893,11/08/1893,vs,MIT,W,36-0,"Providence, R.I."
1893,11/18/1893,at,MIT,W,28-6,"Boston, Mass. (South End Grounds)"
1893,11/23/1893,vs,Tufts,W,30-0,"Providence, R.I."
1894,09/29/1894,vs,Fort Adams,W,56-0,"Providence, R.I."
1894,10/03/1894,at,Yale,L,0-28,"New Haven, Conn."
1894,10/06/1894,vs,Boston Athletic Club,W,28-0,"Providence, R.I."
1894,10/11/1894,at,Harvard,L,4-18,"Cambridge, Mass."
1894,10/13/1894,at,Army,W,10-0,"West Point, N.Y."
1894,10/17/1894,at,Phillips Academy Andover,W,14-0,"Andover, Mass."
1894,10/20/1894,vs,Wesleyan,W,26-0,"Providence, R.I."
1894,10/24/1894,at,MIT,L,4-8,"Boston, Mass. (South End Grounds)"
1894,10/31/1894,at,Tufts,W,30-0,"Medford, Mass."
1894,11/03/1894,vs,Yale,L,0-12,"Providence, R.I."
1894,11/10/1894,at,Orange Athletic Club,W,12-10,"East Orange, N.J."
1894,11/15/1894,at,Harvard,L,0-18,"Cambridge, Mass."
1894,11/17/1894,vs,Bowdoin College,W,42-0,"Providence, R.I."
1894,11/24/1894,vs,Dartmouth,W,20-4,"Springfield, Mass. (Outing Park)"
1894,11/29/1894,vs,MIT,W,16-4,"Providence, R.I."
1895,09/28/1895,vs,Newton Athletic Association,W,22-0,"Providence, R.I."
1895,10/02/1895,at,Yale,L,0-4,"New Haven, Conn."
1895,10/12/1895,vs,Tufts,W,28-0,"Providence, R.I."
1895,10/19/1895,at,Harvard,L,6-26,"Boston, Mass."
1895,10/23/1895,at,MIT,W,14-0,"Boston, Mass. (South End Grounds)"
1895,10/26/1895,vs,Lehigh,W,22-4,"Providence, R.I."
1895,10/30/1895,at,Penn,L,0-12,"Philadelphia, Pa."
1895,11/05/1895,at,Crescent Athletic Club,L,0-16,"Brooklyn, N.Y. (Eastern Park)"
1895,11/06/1895,vs,Wesleyan,W,10-5,"Providence, R.I."
1895,11/09/1895,vs,Yale,T,6-6,"Providence, R.I."
1895,11/13/1895,vs,MIT,W,28-0,"Providence, R.I."
1895,11/16/1895,at,Cornell,L,4-6,"Ithaca, N.Y."
1895,11/23/1895,at,Army,L,0-26,"West Point, N.Y."
1895,11/28/1895,vs,Dartmouth,W,10-4,"Providence, R.I."
1896,09/26/1896,vs,WPI,W,20-0,"Providence, R.I."
1896,10/07/1896,at,Yale,L,0-18,"New Haven, Conn."
1896,10/10/1896,vs,Amherst,W,44-6,"Providence, R.I."
1896,10/17/1896,at,Harvard,L,0-12,"Cambridge, Mass."
1896,10/24/1896,vs,Lehigh,W,16-0,"Providence, R.I."
1896,10/28/1896,at,Penn,L,0-16,"Philadelphia, Pa."
1896,11/03/1896,vs,Dartmouth,T,10-10,"Providence, R.I."
1896,11/07/1896,vs,Yale,L,6-18,"Providence, R.I."
1896,11/21/1896,at,Army,L,6-8,"West Point, N.Y."
1896,11/26/1896,vs,Carlisle,W,24-12,"New York, N.Y. (Polo Grounds)"
1897,10/02/1897,vs,Tufts,W,24-0,"Providence, R.I."
1897,10/09/1897,vs,Boston,W,44-0,"Providence, R.I."
1897,10/13/1897,at,Phillips Academy Andover,W,20-4,"Andover, Mass."
1897,10/16/1897,vs,Wesleyan,W,24-12,"Providence, R.I."
1897,10/20/1897,at,Yale,L,14-18,"New Haven, Conn."
1897,10/23/1897,at,Harvard,L,0-18,"Cambridge, Mass."
1897,10/30/1897,vs,Penn,L,0-40,"Providence, R.I."
1897,11/06/1897,at,Newton Athletic Assoc.,W,24-0,"Newton Centre, Mass."
1897,11/13/1897,vs,Carlisle,W,18-14,"New York, N.Y. (Polo Grounds)"
1897,11/20/1897,at,Army,L,0-42,"West Point, N.Y."
1897,11/25/1897,vs,Wesleyan,W,12-4,"Providence, R.I."
1898,10/01/1898,vs,Holy Cross,W,19-0,"Providence, R.I."
1898,10/05/1898,vs,Tufts,W,29-6,"Providence, R.I."
1898,10/08/1898,at,Penn,L,0-18,"Philadelphia, Pa."
1898,10/16/1898,vs,Colby,W,41-5,"Providence, R.I."
1898,10/19/1898,at,Yale,L,6-22,"New Haven, Conn."
1898,10/24/1898,vs,Boston College,W,6-0,"Providence, R.I."
1898,10/29/1898,vs,Princeton,L,0-23,"Providence, R.I."
1898,11/05/1898,vs,Newton Athletic Assoc.,W,16-5,"Providence, R.I."
1898,11/12/1898,at,Harvard,L,6-17,"Cambridge, Mass."
1898,11/21/1898,vs,Dartmouth,W,12-0,"Providence, R.I."
1899,09/30/1899,at,Holy Cross,W,19-0,"Worcester, Mass."
1899,10/04/1899,vs,Tufts,W,6-0,"Providence, R.I."
1899,10/07/1899,vs,Penn,T,6-6,"Providence, R.I."
1899,10/14/1899,vs,Campello,W,25-0,"Providence, R.I."
1899,10/21/1899,at,Harvard,L,0-11,"Cambridge, Mass."
1899,10/28/1899,vs,Newton Athletic Assoc.,W,35-0,"Providence, R.I."
1899,11/04/1899,at,Princeton,L,6-18,"Princeton, N.J."
1899,11/11/1899,vs,MIT,W,38-0,"Providence, R.I."
1899,11/18/1899,vs,Boston College,W,18-0,"Providence, R.I."
1899,11/25/1899,vs,Dartmouth,W,16-5,"Providence, R.I."
1899,11/30/1899,at,Chicago,L,6-17,"Chicago, Ill."
1900,09/29/1900,vs,Colby,W,27-0,"Providence, R.I."
1900,10/06/1900,vs,Holy Cross,W,18-0,"Providence, R.I."
1900,10/10/1900,vs,MIT,W,22-0,"Providence, R.I."
1900,10/13/1900,at,Penn,L,0-12,"Philadelphia, Pa."
1900,10/20/1900,at,Chicago,W,11-6,"Chicago, Ill."
1900,10/27/1900,vs,Princeton,L,5-17,"Providence, R.I."
1900,11/03/1900,vs,Neeham Athletic Club,W,12-5,"Providence, R.I."
1900,11/06/1900,vs,Tufts,W,26-5,"Providence, R.I."
1900,11/10/1900,at,Harvard,L,6-11,"Boston, Mass."
1900,11/17/1900,at,Dartmouth,W,12-5,"Hanover, N.H."
1900,11/24/1900,vs,Syracuse,T,6-6,"Providence, R.I."
1901,09/29/1901,vs,Boston College,W,12-0,"Providence, R.I."
1901,10/02/1901,vs,Colby,W,16-0,"Providence, R.I."
1901,10/05/1901,vs,Syracuse,L,0-20,"Providence, R.I."
1901,10/09/1901,vs,Manhattan College,W,6-5,"Providence, R.I."
1901,10/12/1901,at,Penn,L,0-26,"Philadelphia, Pa."
1901,10/19/1901,at,Princeton,L,0-35,"Princeton, N.J."
1901,10/26/1901,vs,Holy Cross,T,6-6,"Providence, R.I."
1901,11/02/1901,at,Harvard,L,0-48,"Cambridge, Mass."
1901,11/05/1901,at,Homestead Library & AC,L,0-34,"Allegheny City, Pa. (Exposition Park)"
1901,11/09/1901,vs,Lafayette,L,6-11,"Providence, R.I."
1901,11/16/1901,vs,Union,W,24-5,"Providence, R.I."
1901,11/28/1901,vs,Dartmouth,L,0-22,"Providence, R.I."
1902,10/01/1902,vs,Vermont,T,0-0,"Providence, R.I."
1902,10/04/1902,vs,Wesleyan,W,5-0,"Providence, R.I."
1902,10/11/1902,vs,Yale,L,0-10,"Providence, R.I."
1902,10/18/1902,at,Penn,W,15-6,"Philadelphia, Pa."
1902,10/25/1902,at,Harvard,L,0-6,"Boston, Mass."
1902,11/01/1902,at,Lafayette,L,5-6,"Easton, Pa."
1902,11/05/1902,vs,Tufts,W,45-12,"Providence, R.I."
1902,11/08/1902,at,Columbia,W,28-0,"New York, N.Y. (Polo Grounds)"
1902,11/15/1902,vs,Springfield,W,11-0,"Providence, R.I."
1902,11/23/1902,vs,Dartmouth,L,6-12,"Manchester, N.H. (Varick Park)"
1903,09/26/1903,vs,Colby,W,23-0,"Providence, R.I."
1903,10/03/1903,vs,Wesleyan,W,11-0,"Providence, R.I."
1903,10/10/1903,vs,Princeton,L,0-29,"Providence, R.I."
1903,10/17/1903,at,Penn,L,0-30,"Philadelphia, Pa."
1903,10/24/1903,at,Harvard,L,0-29,"Boston, Mass."
1903,10/31/1903,vs,Williams,W,22-0,"Providence, R.I."
1903,11/07/1903,vs,Vermont,W,24-0,"Providence, R.I."
1903,11/14/1903,vs,Syracuse,W,12-5,"Providence, R.I."
1903,11/18/1903,vs,Springfield,T,6-6,"Providence, R.I."
1903,11/26/1903,vs,Dartmouth,L,0-62,"Manchester, N.H. (Varick Park)"
1904,10/01/1904,vs,Maine,L,0-6,"Providence, R.I."
1904,10/08/1904,vs,Massachusetts,W,27-0,"Providence, R.I."
1904,10/12/1904,vs,Wesleyan,W,12-0,"Providence, R.I."
1904,10/15/1904,at,Penn,L,0-6,"Philadelphia, Pa."
1904,10/19/1904,vs,Amherst,L,0-5,"Providence, R.I."
1904,10/22/1904,vs,Bowdoin,W,22-0,"Providence, R.I."
1904,10/29/1904,vs,Vermont,W,33-0,"Providence, R.I."
1904,11/02/1904,vs,Tufts,W,41-0,"Providence, R.I."
1904,11/05/1904,at,Yale,L,0-22,"New Haven, Conn."
1904,11/12/1904,vs,Colby,W,41-0,"Providence, R.I."
1904,11/19/1904,vs,Dartmouth,L,5-12,"Boston, Mass. (Huntington Avenue Grounds)"
1905,09/27/1905,vs,Massachusetts,W,24-0,"Providence, R.I."
1905,09/30/1905,vs,New Hampshire,W,16-5,"Providence, R.I."
1905,10/04/1905,vs,WPI,W,42-0,"Providence, R.I."
1905,10/07/1905,vs,Colby,W,70-0,"Providence, R.I."
1905,10/14/1905,vs,Maine,W,34-0,"Providence, R.I."
1905,10/21/1905,at,Penn,L,6-8,"Philadelphia, Pa."
1905,10/28/1905,at,Harvard,L,0-10,"Boston, Mass."
1905,11/04/1905,vs,Syracuse,W,27-0,"Providence, R.I."
1905,11/11/1905,at,Yale,L,0-11,"New Haven, Conn."
1905,11/18/1905,vs,Vermont,W,56-0,"Providence, R.I."
1905,11/25/1905,vs,Dartmouth,L,6-24,"Springfield, Mass. (Hampden Park)"
1906,09/29/1906,vs,New Hampshire,W,12-0,"Providence, R.I."
1906,10/06/1906,vs,Wesleyan,W,17-0,"Providence, R.I."
1906,10/10/1906,vs,Massachusetts,W,17-0,"Providence, R.I."
1906,10/20/1906,at,Penn,L,0-14,"Philadelphia, Pa."
1906,10/27/1906,vs,Norwich,W,24-6,"Providence, R.I."
1906,11/03/1906,at,Harvard,L,5-9,"Boston, Mass."
1906,11/10/1906,at,Yale,L,0-5,"New Haven, Conn."
1906,11/17/1906,vs,Vermont,W,12-0,"Providence, R.I."
1906,11/24/1906,vs,Dartmouth,W,23-0,"Springfield, Mass. (Hampden Park)"
1907,09/21/1907,vs,New Hampshire,W,16-0,"Providence, R.I."
1907,09/28/1907,vs,Massachusetts,W,5-0,"Providence, R.I."
1907,10/05/1907,vs,Norwich,W,24-0,"Providence, R.I."
1907,10/12/1907,vs,Maine,W,40-0,"Providence, R.I."
1907,10/19/1907,at,Penn,L,0-11,"Philadelphia, Pa."
1907,10/26/1907,vs,Williams,W,24-11,"Providence, R.I."
1907,11/02/1907,at,Harvard,L,5-6,"Boston, Mass."
1907,11/09/1907,at,Yale,L,0-22,"New Haven, Conn."
1907,11/16/1907,vs,Vermont,W,36-0,"Providence, R.I."
1907,11/23/1907,vs,Amherst,W,18-0,"Providence, R.I."
1908,09/19/1908,vs,New Hampshire,W,34-0,"Providence, R.I."
1908,09/26/1908,vs,Bates,W,35-4,"Providence, R.I."
1908,10/03/1908,vs,Colgate,W,6-0,"Providence, R.I."
1908,10/10/1908,vs,Bowdoin,W,12-0,"Providence, R.I."
1908,10/17/1908,at,Penn,L,0-12,"Philadelphia, Pa."
1908,10/24/1908,vs,Lafayette,L,6-8,"Providence, R.I."
1908,10/31/1908,at,Harvard,L,2-6,"Boston, Mass."
1908,11/07/1908,at,Yale,T,10-10,"New Haven, Conn."
1908,11/14/1908,vs,Vermont,W,12-0,"Providence, R.I."
1909,09/29/1909,vs,Rhode Island State,W,6-0,"Providence, R.I."
1909,10/02/1909,vs,Colgate,W,14-0,"Providence, R.I."
1909,10/06/1909,vs,Bates,W,17-0,"Providence, R.I."
1909,10/09/1909,vs,Amherst,W,10-0,"Providence, R.I."
1909,10/16/1909,at,Penn,L,5-13,"Philadelphia, Pa."
1909,10/23/1909,at,Harvard,L,0-11,"Boston, Mass."
1909,10/30/1909,vs,Massachusetts,W,12-3,"Providence, R.I."
1909,11/06/1909,at,Yale,L,0-23,"New Haven, Conn."
1909,11/13/1909,vs,Vermont,W,17-0,"Providence, R.I."
1909,11/20/1909,vs,Carlisle,W,21-8,"New York, N.Y. (Polo Grounds)"
1910,09/24/1910,vs,Norwich,W,31-0,"Providence, R.I."
1910,10/01/1910,vs,Rhode Island State,W,5-0,"Providence, R.I."
1910,10/08/1910,vs,Colgate,T,0-0,"Providence, R.I."
1910,10/15/1910,vs,Penn,L,0-20,"Providence, R.I."
1910,10/22/1910,at,Harvard,L,0-12,"Boston, Mass."
1910,10/29/1910,vs,Tufts,W,27-9,"Providence, R.I."
1910,11/05/1910,at,Yale,W,21-0,"New Haven, Conn."
1910,11/12/1910,vs,Vermont,W,50-0,"Providence, R.I."
1910,11/19/1910,vs,Massachusetts,W,49-0,"Providence, R.I."
1910,11/24/1910,vs,Carlisle,W,15-6,"Providence, R.I."
1911,09/23/1911,vs,New Hampshire,W,56-0,"Providence, R.I."
1911,09/30/1911,vs,Rhode Island State,W,12-0,"Providence, R.I."
1911,10/07/1911,vs,Massachusetts,W,26-0,"Providence, R.I."
1911,10/14/1911,vs,Bowdoin,W,33-0,"Providence, R.I."
1911,10/21/1911,at,Penn,W,6-0,"Philadelphia, Pa."
1911,10/28/1911,at,Harvard,L,6-20,"Boston, Mass."
1911,11/04/1911,vs,Tufts,W,30-0,"Providence, R.I."
1911,11/11/1911,at,Yale,L,0-15,"New Haven, Conn."
1911,11/18/1911,vs,Vermont,W,6-0,"Providence, R.I."
1911,11/25/1911,vs,Trinity (Conn.),T,6-6,"Providence, R.I."
1911,11/30/1911,vs,Carlisle,L,6-12,"Providence, R.I."
1912,09/28/1912,vs,Colby,W,3-0,"Providence, R.I."
1912,10/05/1912,vs,Rhode Island State,W,14-0,"Providence, R.I."
1912,10/12/1912,vs,Wesleyan,L,6-7,"Providence, R.I."
1912,10/19/1912,vs,Penn,W,30-7,"Providence, R.I."
1912,10/26/1912,at,Harvard,L,10-30,"Boston, Mass."
1912,11/02/1912,vs,Vermont,W,12-7,"Providence, R.I."
1912,11/09/1912,at,Yale,L,0-10,"New Haven, Conn."
1912,11/16/1912,vs,Lafayette,W,21-7,"Providence, R.I."
1912,11/23/1912,vs,Norwich,W,21-7,"Providence, R.I."
1912,11/28/1912,vs,Carlisle,L,0-32,"Providence, R.I."
1913,09/27/1913,vs,Colby,L,0-10,"Providence, R.I."
1913,10/04/1913,vs,Rhode Island State,W,19-0,"Providence, R.I."
1913,10/11/1913,vs,Ursinus,W,6-0,"Providence, R.I."
1913,10/18/1913,at,Penn,L,0-28,"Philadelphia, Pa."
1913,10/25/1913,vs,Springfield,W,28-6,"Providence, R.I."
1913,11/01/1913,vs,Vermont,W,19-0,"Providence, R.I."
1913,11/08/1913,at,Yale,L,0-17,"New Haven, Conn."
1913,11/15/1913,at,Harvard,L,0-37,"Boston, Mass."
1913,11/27/1913,vs,Carlisle,L,0-13,"Providence, R.I."
1914,09/26/1914,vs,Norwich,W,24-0,"Providence, R.I."
1914,10/03/1914,vs,Rhode Island State,W,20-0,"Providence, R.I."
1914,10/10/1914,vs,Amherst,T,0-0,"Providence, R.I."
1914,10/15/1914,vs,Wesleyan,W,16-0,"Providence, R.I."
1914,10/24/1914,vs,Cornell,L,7-28,"New York, N.Y. (Polo Grounds)"
1914,10/31/1914,vs,Vermont,W,12-9,"Providence, R.I."
1914,11/07/1914,at,Yale,L,6-14,"New Haven, Conn."
1914,11/14/1914,at,Harvard,T,0-0,"Boston, Mass."
1914,11/26/1914,vs,Carlisle,W,20-14,"Providence, R.I."
1915,09/25/1915,vs,Rhode Island State,W,38-0,"Providence, R.I."
1915,10/02/1915,vs,Trinity (Conn.),T,0-0,"Providence, R.I."
1915,10/09/1915,at,Amherst,L,0-7,"Amherst, Mass."
1915,10/16/1915,vs,Williams,W,33-0,"Providence, R.I."
1915,10/23/1915,vs,Syracuse,L,0-6,"Providence, R.I."
1915,10/30/1915,vs,Vermont,W,46-0,"Providence, R.I."
1915,11/06/1915,at,Yale,W,3-0,"New Haven, Conn."
1915,11/13/1915,at,Harvard,L,7-16,"Boston, Mass."
1915,11/27/1915,vs,Carlisle,W,39-3,"Providence, R.I."
1915,01/01/1916,vs,Washington State,L,0-14,"Pasadena, Calif. (Tournament Park)"
1916,09/30/1916,vs,Rhode Island State,W,18-0,"Providence, R.I."
1916,10/07/1916,vs,Trinity (Conn.),W,42-0,"Providence, R.I."
1916,10/14/1916,vs,Amherst,W,69-0,"Providence, R.I."
1916,10/21/1916,at,Williams,W,20-0,"Williamstown, Mass."
1916,10/28/1916,vs,Rutgers,W,21-3,"Providence, R.I."
1916,11/04/1916,vs,Vermont,W,42-0,"Providence, R.I."
1916,11/11/1916,at,Yale,W,21-6,"New Haven, Conn."
1916,11/18/1916,at,Harvard,W,21-0,"Boston, Mass."
1916,11/25/1916,vs,Colgate,L,0-28,"Providence, R.I."
1917,09/29/1917,vs,Rhode Island State,W,27-0,"Providence, R.I."
1917,10/06/1917,vs,Johns Hopkins,W,20-0,"Providence, R.I."
1917,10/12/1917,at,Holy Cross,W,27-6,"Worcester, Mass."
1917,10/20/1917,vs,Boston College,W,7-2,"Providence, R.I."
1917,10/27/1917,vs,Colgate,W,7-6,"Providence, R.I."
1917,11/03/1917,vs,Syracuse,L,0-6,"Providence, R.I."
1917,11/10/1917,vs,Newport Naval Reserves,L,0-35,"Providence, R.I."
1917,11/14/1917,vs,Camp Devens,W,40-0,"Providence, R.I."
1917,11/17/1917,vs,Colby,W,19-7,"Providence, R.I."
1917,11/24/1917,vs,Dartmouth,W,13-0,"Boston, Mass. (Braves Field)"
1918,11/02/1918,vs,Camp Devens,L,7-20,"Providence, R.I."
1918,11/10/1918,at,Syracuse,L,0-53,"Syracuse, N.Y."
1918,11/16/1918,at,Camp Kilmer,L,7-23,"Philadelphia, Pa."
1918,11/23/1918,vs,Dartmouth,W,28-0,"Boston, Mass. (Braves Field)"
1918,11/28/1918,at,Harvard,W,6-3,"Boston, Mass."
1919,09/27/1919,vs,Rhode Island,W,27-0,"Providence, R.I."
1919,10/04/1919,vs,Bowdoin,W,7-0,"Providence, R.I."
1919,10/11/1919,at,Colgate,L,0-14,"Hamilton, N.Y."
1919,10/18/1919,at,Harvard,L,0-7,"Boston, Mass."
1919,10/25/1919,vs,Norwich,W,20-0,"Providence, R.I."
1919,11/01/1919,vs,Syracuse,L,0-13,"Providence, R.I."
1919,11/08/1919,at,Yale,L,0-14,"New Haven, Conn."
1919,11/15/1919,vs,Dartmouth,W,7-6,"Boston, Mass. (Braves Field)"
1919,11/22/1919,vs,New Hampshire,W,6-0,"Providence, R.I."
1919,11/27/1919,at,Columbia,T,7-7,"New York, N.Y."
1920,09/25/1920,vs,Rhode Island State,W,25-0,"Providence, R.I."
1920,10/02/1920,vs,Amherst,W,13-0,"Providence, R.I."
1920,10/09/1920,vs,Maine,W,32-7,"Providence, R.I."
1920,10/16/1920,vs,Colgate,W,14-0,"Providence, R.I."
1920,10/23/1920,vs,Springfield,W,14-0,"Providence, R.I."
1920,10/30/1920,vs,Vermont,W,35-0,"Providence, R.I."
1920,11/06/1920,at,Yale,L,10-14,"New Haven, Conn."
1920,11/13/1920,at,Harvard,L,0-27,"Boston, Mass."
1920,11/20/1920,vs,Dartmouth,L,6-14,"Boston, Mass. (Braves Field)"
1921,09/24/1921,vs,Rhode Island State,W,6-0,"Providence, R.I."
1921,10/01/1921,vs,Colby,W,12-7,"Providence, R.I."
1921,10/08/1921,vs,NYU,W,13-0,"Providence, R.I."
1921,10/15/1921,at,Syracuse,L,0-28,"Syracuse, N.Y."
1921,10/22/1921,vs,Springfield,T,0-0,"Providence, R.I."
1921,10/29/1921,at,Yale,L,7-45,"New Haven, Conn."
1921,11/05/1921,vs,St. Bonaventure,W,55-0,"Providence, R.I."
1921,11/12/1921,at,Harvard,L,7-9,"Boston, Mass."
1921,11/19/1921,vs,Colgate,W,14-0,"Providence, R.I."
1922,09/30/1922,vs,Rhode Island State,W,27-0,"Providence, R.I."
1922,10/07/1922,vs,Colby,W,13-0,"Providence, R.I."
1922,10/14/1922,vs,Syracuse,T,0-0,"Providence, R.I."
1922,10/21/1922,at,Lehigh,W,6-2,"Bethlehem, Pa."
1922,10/28/1922,vs,Boston University,W,16-6,"Providence, R.I."
1922,11/04/1922,at,Yale,L,0-20,"New Haven, Conn."
1922,11/11/1922,vs,Bates,W,27-12,"Providence, R.I."
1922,11/18/1922,at,Harvard,W,3-0,"Boston, Mass."
1922,11/25/1922,vs,Dartmouth,L,0-7,"Boston, Mass. (Fenway Park)"
1923,09/29/1923,vs,Haverford,W,27-0,"Providence, R.I."
1923,10/06/1923,vs,Colby,W,33-0,"Providence, R.I."
1923,10/13/1923,at,Washington and Jefferson,L,7-12,"Washington, Pa."
1923,10/20/1923,vs,Boston University,W,20-3,"Providence, R.I."
1923,10/27/1923,at,Yale,L,0-21,"New Haven, Conn."
1923,11/03/1923,vs,St. Bonaventure,W,19-0,"Providence, R.I."
1923,11/10/1923,vs,Dartmouth,L,14-16,"Boston, Mass. (Fenway Park)"
1923,11/17/1923,at,Harvard,W,20-7,"Boston, Mass."
1923,11/24/1923,vs,New Hampshire,W,6-0,"Providence, R.I."
1923,11/29/1923,vs,Lehigh,L,6-12,"Providence, R.I."
1924,10/04/1924,vs,Colby,W,45-0,"Providence, R.I."
1924,10/11/1924,at,Chicago,L,7-19,"Chicago, Ill."
1924,10/24/1924,vs,Boston University,W,35-0,"Providence, R.I."
1924,10/25/1924,at,Yale,L,3-13,"New Haven, Conn."
1924,11/01/1924,at,Dartmouth,L,3-10,"Hanover, N.H."
1924,11/08/1924,vs,Haskell,L,13-17,"Providence, R.I."
1924,11/15/1924,at,Harvard,W,7-0,"Boston, Mass."
1924,11/22/1924,vs,New Hampshire,W,21-0,"Providence, R.I."
1924,11/27/1924,vs,Colgate,W,20-6,"Providence, R.I."
1925,09/26/1925,vs,Rhode Island State,W,33-0,"Providence, R.I."
1925,10/03/1925,vs,Colby,W,33-0,"Providence, R.I."
1925,10/10/1925,vs,Penn,L,0-9,"Providence, R.I."
1925,10/17/1925,vs,Bates,W,48-0,"Providence, R.I."
1925,10/24/1925,vs,Yale,L,7-20,"Providence, R.I."
1925,10/31/1925,vs,Dartmouth,L,0-14,"Providence, R.I."
1925,11/07/1925,vs,Boston University,W,42-6,"Providence, R.I."
1925,11/14/1925,vs,Harvard,L,0-3,"Providence, R.I."
1925,11/21/1925,vs,New Hampshire,W,38-14,"Providence, R.I."
1925,11/26/1925,vs,Colgate,T,14-14,"Providence, R.I."
1926,09/25/1926,vs,Rhode Island State,W,14-0,"Providence, R.I."
1926,10/02/1926,vs,Colby,W,35-0,"Providence, R.I."
1926,10/09/1926,vs,Lehigh,W,32-0,"Providence, R.I."
1926,10/16/1926,vs,Bates,W,27-14,"Providence, R.I."
1926,10/23/1926,at,Yale,W,7-0,"New Haven, Conn."
1926,10/30/1926,at,Dartmouth,W,10-0,"Hanover, N.H."
1926,11/06/1926,vs,Norwich,W,27-0,"Providence, R.I."
1926,11/13/1926,at,Harvard,W,21-0,"Boston, Mass."
1926,11/20/1926,vs,New Hampshire,W,40-12,"Providence, R.I."
1926,11/25/1926,vs,Colgate,T,10-10,"Providence, R.I."
1927,09/24/1927,vs,Rhode Island State,W,27-0,"Providence, R.I."
1927,10/01/1927,vs,Albright,W,20-0,"Providence, R.I."
1927,10/08/1927,at,Penn,L,6-14,"Philadelphia, Pa."
1927,10/15/1927,at,Yale,L,0-19,"New Haven, Conn."
1927,10/22/1927,vs,Lebanon Valley,L,12-13,"Providence, R.I."
1927,10/29/1927,vs,Temple,L,0-7,"Providence, R.I."
1927,11/05/1927,vs,Dartmouth,L,7-19,"Providence, R.I."
1927,11/12/1927,at,Harvard,L,6-18,"Boston, Mass."
1927,11/19/1927,vs,New Hampshire,W,31-13,"Providence, R.I."
1927,11/24/1927,vs,Colgate,T,0-0,"Providence, R.I."
1928,10/06/1928,vs,WPI,W,32-0,"Providence, R.I."
1928,10/13/1928,vs,Dayton,W,13-7,"Providence, R.I."
1928,10/20/1928,at,Yale,L,14-32,"New Haven, Conn."
1928,10/27/1928,vs,Tufts,W,19-13,"Providence, R.I."
1928,11/03/1928,vs,Holy Cross,W,6-0,"Providence, R.I."
1928,11/10/1928,at,Dartmouth,W,14-0,"Hanover, N.H."
1928,11/17/1928,vs,New Hampshire,W,20-0,"Providence, R.I."
1928,11/24/1928,vs,Rhode Island State,W,33-7,"Providence, R.I."
1928,11/29/1928,vs,Colgate,W,16-13,"Providence, R.I."
1929,09/28/1929,at,Springfield,L,6-7,"Springfield, Mass."
1929,10/05/1929,vs,Rhode Island State,W,14-6,"Providence, R.I."
1929,10/12/1929,at,Princeton,W,13-12,"Princeton, N.J."
1929,10/19/1929,at,Yale,L,6-14,"New Haven, Conn."
1929,10/26/1929,vs,Syracuse,L,0-6,"Providence, R.I."
1929,11/02/1929,at,Holy Cross,W,15-14,"Worcester, Mass."
1929,11/09/1929,vs,Dartmouth,L,6-13,"Providence, R.I."
1929,11/16/1929,vs,Norwich,W,66-6,"Providence, R.I."
1929,11/23/1929,vs,New Hampshire,W,14-7,"Providence, R.I."
1929,11/28/1929,vs,Colgate,L,0-32,"Providence, R.I."
1930,09/27/1930,vs,Rhode Island State,W,7-0,"Providence, R.I."
1930,10/04/1930,vs,WPI,W,54-0,"Providence, R.I."
1930,10/11/1930,at,Princeton,W,7-0,"Princeton, N.J."
1930,10/18/1930,at,Yale,L,0-21,"New Haven, Conn."
1930,10/25/1930,vs,Holy Cross,W,13-0,"Providence, R.I."
1930,11/01/1930,at,Syracuse,T,16-16,"Syracuse, N.Y."
1930,11/08/1930,vs,Tufts,W,32-7,"Providence, R.I."
1930,11/15/1930,vs,Columbia,W,6-0,"Providence, R.I."
1930,11/22/1930,vs,New Hampshire,L,0-7,"Providence, R.I."
1930,11/27/1930,vs,Colgate,L,0-27,"Providence, R.I."
1931,09/26/1931,vs,Colby,W,22-0,"Providence, R.I."
1931,10/03/1931,vs,Rhode Island State,W,18-0,"Providence, R.I."
1931,10/10/1931,at,Princeton,W,19-7,"Princeton, N.J."
1931,10/17/1931,vs,Tufts,W,38-12,"Providence, R.I."
1931,10/24/1931,vs,Lehigh,W,33-0,"Providence, R.I."
1931,10/31/1931,at,Holy Cross,L,0-33,"Worcester, Mass."
1931,11/07/1931,vs,Ohio Wesleyan,W,26-13,"Providence, R.I."
1931,11/14/1931,vs,Columbia,L,7-9,"Providence, R.I."
1931,11/21/1931,vs,New Hampshire,W,19-13,"Providence, R.I."
1931,11/26/1931,vs,Colgate,L,7-13,"Providence, R.I."
1932,10/01/1932,vs,Rhode Island State,W,19-0,"Providence, R.I."
1932,10/08/1932,vs,Springfield,W,13-6,"Providence, R.I."
1932,10/15/1932,at,Yale,W,7-2,"New Haven, Conn."
1932,10/22/1932,vs,Tufts,W,11-0,"Providence, R.I."
1932,10/29/1932,at,Harvard,W,14-0,"Boston, Mass."
1932,11/05/1932,vs,Holy Cross,W,10-7,"Providence, R.I."
1932,11/12/1932,at,Columbia,W,7-6,"New York, N.Y."
1932,11/24/1932,vs,Colgate,L,0-21,"Providence, R.I."
1933,10/07/1933,vs,Rhode Island State,W,26-0,"Providence, R.I."
1933,10/14/1933,vs,Springfield,W,13-6,"Providence, R.I."
1933,10/21/1933,at,Yale,L,6-14,"New Haven, Conn."
1933,10/28/1933,at,Holy Cross,L,7-19,"Worcester, Mass."
1933,11/04/1933,vs,Princeton,L,0-33,"Providence, R.I."
1933,11/11/1933,vs,Syracuse,W,10-7,"Providence, R.I."
1933,11/18/1933,at,Harvard,L,6-12,"Boston, Mass."
1933,11/30/1933,vs,Colgate,L,0-25,"Providence, R.I."
1934,09/29/1934,vs,Boston University,W,18-0,"Providence, R.I."
1934,10/06/1934,vs,Rhode Island State,W,13-0,"Providence, R.I."
1934,10/13/1934,at,Harvard,L,0-13,"Boston, Mass."
1934,10/20/1934,at,Yale,L,0-37,"New Haven, Conn."
1934,10/27/1934,vs,Syracuse,L,0-33,"Providence, R.I."
1934,11/03/1934,vs,Springfield,W,13-7,"Providence, R.I."
1934,11/10/1934,at,Columbia,L,0-39,"New York, N.Y."
1934,11/17/1934,vs,Holy Cross,L,7-20,"Providence, R.I."
1934,11/29/1934,vs,Colgate,L,13-20,"Providence, R.I."
1935,10/05/1935,vs,Rhode Island State,L,7-13,"Providence, R.I."
1935,10/12/1935,vs,Springfield,L,0-20,"Providence, R.I."
1935,10/19/1935,vs,Dartmouth,L,0-41,"Providence, R.I."
1935,10/26/1935,at,Syracuse,L,0-19,"Syracuse, N.Y."
1935,11/02/1935,at,Harvard,L,0-33,"Boston, Mass."
1935,11/09/1935,at,Yale,L,0-20,"New Haven, Conn."
1935,11/16/1935,vs,Boston,W,14-0,"Providence, R.I."
1935,11/23/1935,at,Columbia,L,0-18,"New York, N.Y."
1935,11/28/1935,vs,Colgate,L,0-33,"Providence, R.I."
1936,09/26/1936,vs,UConn,L,0-27,"Providence, R.I."
1936,10/03/1936,vs,Rhode Island State,W,7-6,"Providence, R.I."
1936,10/10/1936,at,Harvard,L,0-28,"Boston, Mass."
1936,10/17/1936,at,Dartmouth,L,0-34,"Hanover, N.H."
1936,10/24/1936,at,Penn,L,6-48,"Philadelphia, Pa."
1936,10/31/1936,vs,Tufts,W,38-7,"Providence, R.I."
1936,11/07/1936,at,Yale,L,6-14,"New Haven, Conn."
1936,11/14/1936,at,Holy Cross,L,0-32,"Worcester, Mass."
1936,11/21/1936,vs,Colby,W,19-6,"Providence, R.I."
1936,11/26/1936,vs,Colgate,L,0-32,"Providence, R.I."
1937,09/25/1937,vs,UConn,W,20-0,"Providence, R.I."
1937,10/02/1937,vs,Rhode Island State,W,13-6,"Providence, R.I."
1937,10/09/1937,at,Harvard,L,7-34,"Boston, Mass."
1937,10/16/1937,vs,Dartmouth,L,0-41,"Providence, R.I."
1937,10/23/1937,at,Columbia,W,7-6,"New York, N.Y."
1937,10/30/1937,vs,Tufts,W,19-0,"Providence, R.I."
1937,11/06/1937,at,Yale,L,0-19,"New Haven, Conn."
1937,11/13/1937,vs,Holy Cross,L,0-7,"Providence, R.I."
1937,11/25/1937,vs,Rutgers,W,7-6,"Providence, R.I."
1938,10/01/1938,at,Harvard,W,20-13,"Boston, Mass."
1938,10/08/1938,vs,Lafayette,W,20-0,"Providence, R.I."
1938,10/15/1938,at,Dartmouth,L,13-34,"Hanover, N.H."
1938,10/22/1938,vs,Rhode Island State,W,40-21,"Providence, R.I."
1938,10/29/1938,vs,Tufts,W,48-0,"Providence, R.I."
1938,11/05/1938,at,Yale,L,14-20,"New Haven, Conn."
1938,11/11/1938,at,Holy Cross,L,12-14,"Worcester, Mass."
1938,11/24/1938,vs,Columbia,W,36-27,"Providence, R.I."
1939,09/30/1939,vs,Rhode Island State,W,34-0,"Providence, R.I."
1939,10/07/1939,vs,Amherst,W,20-14,"Providence, R.I."
1939,10/14/1939,at,Colgate,L,0-10,"Hamilton, N.Y."
1939,10/21/1939,vs,Holy Cross,L,0-20,"Providence, R.I."
1939,10/28/1939,at,Princeton,L,12-26,"Princeton, N.J."
1939,11/04/1939,vs,Tufts,W,54-7,"Providence, R.I."
1939,11/11/1939,at,Yale,T,14-14,"New Haven, Conn."
1939,11/18/1939,vs,UConn,W,41-0,"Providence, R.I."
1939,11/30/1939,vs,Rutgers,W,13-0,"Providence, R.I."
1940,09/28/1940,at,Wesleyan,W,41-0,"Middletown, Conn."
1940,10/05/1940,vs,Rhode Island State,W,20-17,"Providence, R.I."
1940,10/12/1940,vs,Colgate,L,3-20,"Providence, R.I."
1940,10/19/1940,vs,Tufts,W,26-6,"Providence, R.I."
1940,10/26/1940,vs,Holy Cross,W,9-6,"Providence, R.I."
1940,11/02/1940,at,Yale,W,6-2,"New Haven, Conn."
1940,11/09/1940,at,Army,W,13-9,"West Point, N.Y."
1940,11/16/1940,at,Harvard,L,0-14,"Boston, Mass."
1940,11/23/1940,vs,Dartmouth,L,6-20,"Providence, R.I."
1940,11/28/1940,vs,Columbia,T,0-0,"Providence, R.I."
1941,09/27/1941,vs,Wesleyan,W,20-6,"Providence, R.I."
1941,10/04/1941,at,Columbia,L,6-13,"New York, N.Y."
1941,10/11/1941,vs,Rhode Island State,W,14-7,"Providence, R.I."
1941,10/18/1941,vs,Tufts,W,28-6,"Providence, R.I."
1941,10/25/1941,at,Lafayette,W,13-0,"Easton, Pa."
1941,11/01/1941,at,Yale,W,7-0,"New Haven, Conn."
1941,11/08/1941,vs,Holy Cross,L,0-13,"Providence, R.I."
1941,11/15/1941,at,Harvard,L,7-23,"Boston, Mass."
1941,11/20/1941,vs,Rutgers,L,7-13,"Providence, R.I."
1942,10/03/1942,vs,Rhode Island State,W,28-0,"Providence, R.I."
1942,10/10/1942,at,Columbia,W,28-21,"New York, N.Y."
1942,10/17/1942,vs,Lafayette,W,7-0,"Providence, R.I."
1942,10/24/1942,at,Princeton,L,13-32,"Princeton, N.J."
1942,10/31/1942,at,Yale,L,0-27,"New Haven, Conn."
1942,11/07/1942,vs,Holy Cross,W,20-14,"Providence, R.I."
1942,11/14/1942,at,Harvard,L,0-7,"Boston, Mass."
1942,11/26/1942,vs,Colgate,L,0-13,"Providence, R.I."
1943,10/02/1943,at,Holy Cross,L,0-20,"Worcester, Mass."
1943,10/09/1943,vs,Tufts,W,35-6,"Providence, R.I."
1943,10/23/1943,vs,Camp Kilmer,W,62-3,"Providence, R.I."
1943,10/30/1943,at,Princeton,W,28-20,"Princeton, N.J."
1943,11/06/1943,at,Yale,W,21-20,"New Haven, Conn."
1943,11/13/1943,vs,Coast Guard,W,34-31,"Providence, R.I."
1943,11/20/1943,at,Army,L,0-59,"West Point, N.Y."
1943,11/25/1943,vs,Colgate,L,14-21,"Providence, R.I."
1944,09/30/1944,vs,Tufts,W,44-0,"Providence, R.I."
1944,10/07/1944,at,Army,L,7-59,"West Point, N.Y."
1944,10/21/1944,at,Holy Cross,T,24-24,"Worcester, Mass."
1944,10/28/1944,vs,Dartmouth,L,13-14,"Providence, R.I."
1944,11/04/1944,vs,Coast Guard,L,0-20,"Providence, R.I."
1944,11/11/1944,at,Yale,L,0-13,"New Haven, Conn."
1944,11/18/1944,at,Columbia,W,12-0,"New York, N.Y."
1944,11/25/1944,vs,Colgate,W,32-20,"Providence, R.I."
1945,09/29/1945,at,Penn,L,0-50,"Philadelphia, Pa."
1945,10/06/1945,vs,Boston College,W,51-6,"Providence, R.I."
1945,10/20/1945,vs,Holy Cross,L,0-25,"Providence, R.I."
1945,10/27/1945,at,Columbia,L,6-27,"New York, N.Y."
1945,11/03/1945,vs,Coast Guard,W,33-6,"Providence, R.I."
1945,11/10/1945,at,Yale,W,20-7,"New Haven, Conn."
1945,11/17/1945,vs,Harvard,L,7-14,"Providence, R.I."
1945,11/24/1945,vs,Colgate,T,6-6,"Providence, R.I."
1946,09/28/1946,vs,Canisius,W,14-6,"Providence, R.I."
1946,10/05/1946,at,Princeton,L,12-33,"Princeton, N.J."
1946,10/12/1946,vs,Rhode Island State,W,29-0,"Providence, R.I."
1946,10/19/1946,vs,Dartmouth,W,20-13,"Providence, R.I."
1946,10/26/1946,vs,Boston University,T,14-14,"Providence, R.I."
1946,11/02/1946,at,Holy Cross,L,19-21,"Worcester, Mass."
1946,11/09/1946,at,Yale,L,0-49,"New Haven, Conn."
1946,11/16/1946,at,Harvard,L,0-28,"Boston, Mass."
1946,11/28/1946,vs,Colgate,L,14-20,"Providence, R.I."
1947,09/27/1947,vs,UConn,W,33-13,"Providence, R.I."
1947,10/04/1947,at,Princeton,L,7-21,"Princeton, N.J."
1947,10/11/1947,vs,Rhode Island State,W,55-6,"Providence, R.I."
1947,10/18/1947,at,Dartmouth,L,10-13,"Hanover, N.H."
1947,10/25/1947,at,Colgate,T,13-13,"Hamilton, N.Y."
1947,11/01/1947,vs,Holy Cross,W,20-19,"Providence, R.I."
1947,11/08/1947,at,Yale,W,20-14,"New Haven, Conn."
1947,11/15/1947,at,Harvard,L,7-13,"Boston, Mass."
1947,11/27/1947,vs,Rutgers,L,20-27,"Providence, R.I."
1948,09/25/1948,at,Yale,L,13-28,"New Haven, Conn."
1948,10/02/1948,at,Princeton,W,23-20,"Princeton, N.J."
1948,10/09/1948,vs,Rhode Island State,W,33-0,"Providence, R.I."
1948,10/16/1948,at,Holy Cross,W,14-6,"Worcester, Mass."
1948,10/23/1948,vs,UConn,W,49-6,"Providence, R.I."
1948,10/30/1948,at,Rutgers,W,20-6,"Piscataway, N.J."
1948,11/06/1948,vs,Western Reserve,W,36-0,"Providence, R.I."
1948,11/13/1948,at,Harvard,L,19-30,"Boston, Mass."
1948,11/25/1948,vs,Colgate,W,35-7,"Providence, R.I."
1949,10/01/1949,vs,Holy Cross,W,28-6,"Providence, R.I."
1949,10/08/1949,vs,Rhode Island State,W,46-0,"Providence, R.I."
1949,10/15/1949,at,Princeton,L,14-27,"Princeton, N.J."
1949,10/22/1949,vs,Lehigh,W,48-0,"Providence, R.I."
1949,10/29/1949,at,Western Reserve,W,28-14,"Cleveland, Ohio"
1949,11/05/1949,at,Yale,W,14-0,"New Haven, Conn."
1949,11/12/1949,at,Harvard,W,28-14,"Boston, Mass."
1949,11/19/1949,at,Columbia,W,16-7,"New York, N.Y."
1949,11/24/1949,vs,Colgate,W,41-26,"Providence, R.I."
1950,09/30/1950,at,Yale,L,12-36,"New Haven, Conn."
1950,10/07/1950,at,Holy Cross,L,21-41,"Worcester, Mass."
1950,10/14/1950,vs,Rhode Island State,W,55-13,"Providence, R.I."
1950,10/21/1950,vs,Princeton,L,0-34,"Providence, R.I."
1950,10/28/1950,vs,Colgate,L,34-35,"Providence, R.I."
1950,11/04/1950,at,Rutgers,L,12-15,"Piscataway, N.J."
1950,11/11/1950,at,Penn,L,0-50,"Philadelphia, Pa."
1950,11/18/1950,at,Harvard,L,13-14,"Boston, Mass."
1950,11/23/1950,vs,Columbia,L,0-33,"Providence, R.I."
1951,09/29/1951,vs,Temple,L,14-20,"Providence, R.I."
1951,10/06/1951,at,Yale,W,14-13,"New Haven, Conn."
1951,10/13/1951,vs,Rhode Island State,W,20-13,"Providence, R.I."
1951,10/20/1951,vs,Colgate,L,14-32,"Providence, R.I."
1951,10/27/1951,vs,Holy Cross,L,6-41,"Providence, R.I."
1951,11/03/1951,at,Princeton,L,0-12,"Princeton, N.J."
1951,11/10/1951,vs,Rutgers,L,21-28,"Providence, R.I."
1951,11/17/1951,at,Harvard,L,21-34,"Boston, Mass."
1951,11/24/1951,at,Columbia,L,14-29,"New York, N.Y."
1952,10/04/1952,at,Yale,L,0-28,"New Haven, Conn."
1952,10/11/1952,vs,Rhode Island,L,6-7,"Providence, R.I."
1952,10/18/1952,at,Holy Cross,L,0-46,"Worcester, Mass."
1952,10/25/1952,vs,Rutgers,L,7-19,"Providence, R.I."
1952,11/01/1952,at,Princeton,L,0-39,"Princeton, N.J."
1952,11/08/1952,vs,UConn,W,21-13,"Providence, R.I."
1952,11/15/1952,vs,Harvard,W,28-21,"Providence, R.I."
1952,11/22/1952,at,Columbia,L,0-14,"New York, N.Y."
1952,11/27/1952,vs,Colgate,L,28-33,"Providence, R.I."
1953,09/26/1953,vs,Amherst,L,6-7,"Providence, R.I."
1953,10/03/1953,at,Yale,L,0-13,"New Haven, Conn."
1953,10/10/1953,vs,Rhode Island,L,13-19,"Providence, R.I."
1953,10/17/1953,at,Rutgers,W,27-20,"Piscataway, N.J."
1953,10/24/1953,vs,Holy Cross,W,6-0,"Providence, R.I."
1953,10/31/1953,at,Princeton,L,13-27,"Princeton, N.J."
1953,11/07/1953,vs,UConn,W,42-7,"Providence, R.I."
1953,11/14/1953,at,Harvard,L,20-27,"Boston, Mass."
1953,11/26/1953,vs,Colgate,T,7-7,"Providence, R.I."
1954,09/25/1954,vs,Columbia,W,18-7,"Providence, R.I."
1954,10/02/1954,at,Yale,L,24-26,"New Haven, Conn."
1954,10/09/1954,vs,Rhode Island,W,35-0,"Providence, R.I."
1954,10/16/1954,vs,Princeton,W,21-20,"Providence, R.I."
1954,10/23/1954,vs,Temple,L,14-19,"Providence, R.I."
1954,10/30/1954,at,Lehigh,W,34-6,"Bethlehem, Pa."
1954,11/06/1954,vs,Springfield,W,40-7,"Providence, R.I."
1954,11/13/1954,at,Harvard,T,21-21,"Boston, Mass."
1954,11/25/1954,vs,Colgate,W,18-14,"Providence, R.I."
1955,09/24/1955,at,Columbia,L,12-14,"New York, N.Y."
1955,10/01/1955,at,Yale,L,20-27,"New Haven, Conn."
1955,10/08/1955,vs,Dartmouth,W,7-0,"Providence, R.I."
1955,10/15/1955,vs,Rutgers,L,12-14,"Providence, R.I."
1955,10/22/1955,vs,Rhode Island,L,7-19,"Providence, R.I."
1955,10/29/1955,at,Princeton,L,7-14,"Princeton, N.J."
1955,11/05/1955,vs,Cornell,L,7-20,"Providence, R.I."
1955,11/12/1955,at,Harvard,W,14-6,"Boston, Mass."
1955,11/24/1955,vs,Colgate,L,0-25,"Providence, R.I."
1956,09/29/1956,at,Columbia,W,20-0,"New York, N.Y."
1956,10/06/1956,at,Yale,L,2-20,"New Haven, Conn."
1956,10/13/1956,vs,Dartmouth,L,7-14,"Providence, R.I."
1956,10/20/1956,at,Penn,L,7-14,"Philadelphia, Pa."
1956,10/27/1956,vs,Rhode Island,W,27-7,"Providence, R.I."
1956,11/03/1956,at,Princeton,L,7-21,"Princeton, N.J."
1956,11/10/1956,vs,Cornell,W,13-6,"Providence, R.I."
1956,11/17/1956,at,Harvard,W,21-12,"Boston, Mass."
1956,11/22/1956,vs,Colgate,W,20-0,"Providence, R.I."
1957,09/28/1957,vs,Columbia,L,20-23,"Providence, R.I."
1957,10/05/1957,at,Yale,W,21-20,"New Haven, Conn."
1957,10/12/1957,at,Dartmouth,L,0-35,"Hanover, N.H."
1957,10/19/1957,vs,Penn,W,20-0,"Providence, R.I."
1957,10/26/1957,vs,Rhode Island,W,21-0,"Providence, R.I."
1957,11/02/1957,vs,Princeton,L,0-7,"Providence, R.I."
1957,11/09/1957,at,Cornell,L,6-13,"Ithaca, N.Y."
1957,11/16/1957,at,Harvard,W,33-6,"Boston, Mass."
1957,11/28/1957,vs,Colgate,W,33-7,"Providence, R.I."
1958,09/27/1958,at,Columbia,W,22-0,"New York, N.Y."
1958,10/04/1958,vs,Yale,W,35-29,"Providence, R.I."
1958,10/11/1958,vs,Dartmouth,L,0-20,"Providence, R.I."
1958,10/18/1958,at,Penn,L,20-21,"Philadelphia, Pa."
1958,10/25/1958,vs,Rhode Island,W,47-6,"Providence, R.I."
1958,11/01/1958,at,Princeton,L,18-28,"Princeton, N.J."
1958,11/08/1958,vs,Cornell,W,12-8,"Providence, R.I."
1958,11/15/1958,at,Harvard,W,29-22,"Boston, Mass."
1958,11/27/1958,vs,Colgate,W,28-6,"Providence, R.I."
1959,09/26/1959,vs,Columbia,L,6-21,"Providence, R.I."
1959,10/03/1959,at,Yale,L,0-17,"New Haven, Conn."
1959,10/10/1959,at,Dartmouth,T,0-0,"Hanover, N.H."
1959,10/17/1959,at,Penn,L,9-36,"Philadelphia, Pa."
1959,10/24/1959,vs,Rhode Island,W,6-0,"Providence, R.I."
1959,10/31/1959,at,Princeton,L,0-7,"Princeton, N.J."
1959,11/07/1959,at,Cornell,L,0-19,"Ithaca, N.Y."
1959,11/14/1959,vs,Harvard,W,16-6,"Providence, R.I."
1959,11/26/1959,vs,Colgate,L,14-33,"Providence, R.I."
1960,09/24/1960,at,Columbia,L,0-37,"New York, N.Y."
1960,10/01/1960,at,Yale,L,0-9,"New Haven, Conn."
1960,10/08/1960,vs,Dartmouth,L,0-20,"Providence, R.I."
1960,10/15/1960,at,Penn,L,7-36,"Philadelphia, Pa."
1960,10/22/1960,vs,Rhode Island,W,36-14,"Providence, R.I."
1960,10/29/1960,at,Princeton,L,21-54,"Princeton, N.J."
1960,11/05/1960,vs,Cornell,W,7-6,"Providence, R.I."
1960,11/12/1960,at,Harvard,L,8-22,"Boston, Mass."
1960,11/19/1960,vs,Colgate,W,21-14,"Providence, R.I."
1961,09/30/1961,vs,Columbia,L,0-50,"Providence, R.I."
1961,10/07/1961,at,Yale,L,3-14,"New Haven, Conn."
1961,10/14/1961,at,Dartmouth,L,0-34,"Hanover, N.H."
1961,10/21/1961,at,Penn,L,0-7,"Philadelphia, Pa."
1961,10/28/1961,vs,Rhode Island,L,9-12,"Providence, R.I."
1961,11/04/1961,vs,Princeton,L,0-52,"Providence, R.I."
1961,11/11/1961,at,Cornell,L,0-25,"Ithaca, N.Y."
1961,11/18/1961,at,Harvard,L,6-21,"Boston, Mass."
1961,11/23/1961,vs,Colgate,L,6-30,"Providence, R.I."
1962,09/22/1962,at,Colgate,W,6-2,"Hamilton, N.Y."
1962,09/29/1962,at,Columbia,L,20-22,"New York, N.Y."
1962,10/06/1962,vs,Yale,T,6-6,"Providence, R.I."
1962,10/13/1962,vs,Dartmouth,L,0-41,"Providence, R.I."
1962,10/20/1962,at,Penn,L,15-18,"Philadelphia, Pa."
1962,10/27/1962,vs,Rhode Island,T,12-12,"Providence, R.I."
1962,11/03/1962,at,Princeton,L,12-28,"Princeton, N.J."
1962,11/10/1962,vs,Cornell,L,26-28,"Providence, R.I."
1962,11/17/1962,at,Harvard,L,19-31,"Boston, Mass."
1963,09/28/1963,vs,Columbia,L,14-41,"Providence, R.I."
1963,10/05/1963,at,Yale,W,12-7,"New Haven, Conn."
1963,10/12/1963,at,Dartmouth,L,7-14,"Hanover, N.H."
1963,10/19/1963,vs,Penn,W,41-13,"Providence, R.I."
1963,10/26/1963,vs,Rhode Island,W,33-7,"Providence, R.I."
1963,11/02/1963,at,Princeton,L,13-34,"Princeton, N.J."
1963,11/09/1963,at,Cornell,L,25-28,"Ithaca, N.Y."
1963,11/16/1963,vs,Harvard,L,12-24,"Providence, R.I."
1964,09/26/1964,vs,Lafayette,W,20-3,"Providence, R.I."
1964,10/03/1964,vs,Penn,W,3-0,"Providence, R.I."
1964,10/10/1964,at,Yale,L,7-15,"New Haven, Conn."
1964,10/17/1964,at,Dartmouth,L,14-24,"Hanover, N.H."
1964,10/24/1964,vs,Rhode Island,W,30-14,"Providence, R.I."
1964,10/31/1964,vs,Princeton,L,0-14,"Providence, R.I."
1964,11/07/1964,vs,Cornell,W,31-28,"Providence, R.I."
1964,11/14/1964,at,Harvard,L,7-19,"Boston, Mass."
1964,11/21/1964,vs,Columbia,W,7-0,"Providence, R.I."
1965,09/25/1965,vs,Rhode Island,L,6-14,"Providence, R.I."
1965,10/02/1965,at,Penn,L,0-7,"Philadelphia, Pa."
1965,10/09/1965,vs,Yale,L,0-3,"Providence, R.I."
1965,10/16/1965,vs,Dartmouth,L,9-35,"Providence, R.I."
1965,10/23/1965,vs,Colgate,W,6-0,"Providence, R.I."
1965,10/30/1965,at,Princeton,L,27-45,"Princeton, N.J."
1965,11/06/1965,at,Cornell,L,21-41,"Ithaca, N.Y."
1965,11/13/1965,vs,Harvard,L,8-17,"Providence, R.I."
1965,11/20/1965,at,Columbia,W,51-7,"New York, N.Y."
1966,09/24/1966,vs,Rhode Island,W,40-14,"Providence, R.I."
1966,10/01/1966,vs,Penn,L,0-20,"Providence, R.I."
1966,10/08/1966,at,Yale,L,0-24,"New Haven, Conn."
1966,10/15/1966,at,Dartmouth,L,14-49,"Hanover, N.H."
1966,10/22/1966,vs,Colgate,L,7-48,"Providence, R.I."
1966,10/29/1966,vs,Princeton,L,17-24,"Providence, R.I."
1966,11/05/1966,vs,Cornell,L,14-23,"Providence, R.I."
1966,11/12/1966,at,Harvard,L,7-24,"Boston, Mass."
1966,11/19/1966,at,Columbia,L,38-40,"New York, N.Y."
1967,09/30/1967,vs,Rhode Island,L,8-12,"Providence, R.I."
1967,10/07/1967,at,Penn,L,7-28,"Philadelphia, Pa."
1967,10/14/1967,vs,Yale,L,0-35,"Providence, R.I."
1967,10/21/1967,vs,Dartmouth,L,6-41,"Providence, R.I."
1967,10/28/1967,vs,Colgate,W,7-0,"Providence, R.I."
1967,11/04/1967,at,Princeton,L,14-48,"Princeton, N.J."
1967,11/11/1967,at,Cornell,T,14-14,"Ithaca, N.Y."
1967,11/18/1967,vs,Harvard,L,6-21,"Providence, R.I."
1967,11/25/1967,vs,Columbia,W,14-7,"Providence, R.I."
1968,09/28/1968,vs,Rhode Island,W,10-9,"Providence, R.I."
1968,10/05/1968,vs,Penn,L,13-17,"Providence, R.I."
1968,10/12/1968,at,Yale,L,13-35,"New Haven, Conn."
1968,10/19/1968,at,Dartmouth,L,0-48,"Hanover, N.H."
1968,10/26/1968,vs,Colgate,W,27-19,"Providence, R.I."
1968,11/02/1968,vs,Princeton,L,7-50,"Providence, R.I."
1968,11/09/1968,vs,Cornell,L,0-31,"Providence, R.I."
1968,11/16/1968,at,Harvard,L,7-31,"Boston, Mass."
1968,11/23/1968,at,Columbia,L,20-46,"New York, N.Y."
1969,09/27/1969,vs,Rhode Island,W,21-0,"Providence, R.I."
1969,10/04/1969,at,Penn,L,2-23,"Philadelphia, Pa."
1969,10/11/1969,vs,Yale,L,13-27,"Providence, R.I."
1969,10/18/1969,vs,Dartmouth,L,13-38,"Providence, R.I."
1969,10/25/1969,vs,Colgate,L,6-20,"Providence, R.I."
1969,11/01/1969,at,Princeton,L,6-33,"Princeton, N.J."
1969,11/08/1969,at,Cornell,L,7-14,"Ithaca, N.Y."
1969,11/15/1969,vs,Harvard,W,24-17,"Providence, R.I."
1969,11/22/1969,vs,Columbia,L,3-18,"Providence, R.I."
1970,09/26/1970,vs,Rhode Island,W,21-14,"Providence, R.I."
1970,10/03/1970,vs,Penn,L,9-17,"Providence, R.I."
1970,10/10/1970,at,Yale,L,0-28,"New Haven, Conn."
1970,10/17/1970,at,Dartmouth,L,14-42,"Hanover, N.H."
1970,10/24/1970,vs,Colgate,L,6-10,"Providence, R.I."
1970,10/31/1970,vs,Princeton,L,14-45,"Providence, R.I."
1970,11/07/1970,vs,Cornell,L,21-35,"Providence, R.I."
1970,11/14/1970,at,Harvard,L,10-17,"Boston, Mass."
1970,11/21/1970,at,Columbia,W,17-12,"New York, N.Y."
1971,09/25/1971,vs,Rhode Island,L,21-34,"Providence, R.I."
1971,10/02/1971,at,Penn,L,16-17,"Philadelphhia, Pa."
1971,10/09/1971,vs,Yale,L,10-17,"Providence, R.I."
1971,10/16/1971,vs,Dartmouth,L,7-10,"Providence, R.I."
1971,10/23/1971,at,Colgate,L,32-42,"Hamilton, N.Y."
1971,10/30/1971,at,Princeton,L,21-49,"Princeton, N.J."
1971,11/06/1971,at,Cornell,L,7-21,Ithaca. N.Y.
1971,11/13/1971,vs,Harvard,L,19-24,"Providence, R.I."
1971,11/20/1971,vs,Columbia,L,6-24,"Providence, R.I."
1972,09/23/1972,vs,Holy Cross,L,24-30,"Providence, R.I."
1972,09/30/1972,vs,Rhode Island,L,17-21,"Providence, R.I."
1972,10/07/1972,vs,Penn,W,28-20,"Providence, R.I."
1972,10/14/1972,at,Yale,L,19-53,"New Haven, Conn."
1972,10/21/1972,at,Dartmouth,L,20-49,"Hanover, N.H."
1972,11/04/1972,vs,Princeton,L,10-31,"Providence, R.I."
1972,11/11/1972,vs,Cornell,L,28-48,"Providence, R.I."
1972,11/18/1972,at,Harvard,L,14-21,"Boston, Mass."
1972,11/25/1972,at,Columbia,L,12-28,"New York, N.Y."
1973,09/29/1973,vs,Rhode Island,T,20-20,"Providence, R.I."
1973,10/06/1973,at,Penn,L,20-28,"Philadelphia, Pa."
1973,10/13/1973,vs,Yale,W,34-25,"Providence, R.I."
1973,10/20/1973,vs,Dartmouth,L,16-28,"Providence, R.I."
1973,11/03/1973,at,Princeton,W,7-6,"Princeton, N.J."
1973,11/10/1973,at,Cornell,W,17-7,"Ithaca, N.Y."
1973,11/17/1973,vs,Harvard,L,32-35,"Providence, R.I."
1973,11/24/1973,vs,Columbia,W,37-14,"Providence, R.I."
1974,09/21/1974,at,Holy Cross,L,10-45,"Worcester, Mass."
1974,09/28/1974,vs,Rhode Island,W,45-15,"Providence, R.I."
1974,10/05/1974,vs,Penn,L,9-14,"Providence, R.I."
1974,10/12/1974,at,Yale,L,0-24,"New Haven, Conn."
1974,10/19/1974,vs,Dartmouth,L,6-7,"Providence, R.I."
1974,11/02/1974,vs,Princeton,W,17-13,"Providence, R.I."
1974,11/09/1974,vs,Cornell,W,16-8,"Providence, R.I."
1974,11/16/1974,at,Harvard,W,10-7,"Boston, Mass."
1974,11/23/1974,at,Columbia,W,28-19,"New York, N.Y."
1975,09/27/1975,vs,Rhode Island,W,41-20,"Providence, R.I."
1975,10/04/1975,at,Penn,W,17-8,"Philadelphia, Pa."
1975,10/11/1975,vs,University,W,27-12,"Providence, R.I."
1975,10/18/1975,at,Dartmouth,T,10-10,"Hanover, N.H."
1975,10/25/1975,at,Holy Cross,L,20-21,"Worcester, Mass."
1975,11/01/1975,at,Princeton,W,24-16,"Princeton, N.J."
1975,11/08/1975,at,Cornell,W,45-23,"Ithaca, N.Y."
1975,11/15/1975,vs,Harvard,L,26-45,"Providence, R.I."
1975,11/22/1975,vs,Columbia,W,48-13,"Providence, R.I."
1976,09/18/1976,vs,Yale,W,14-6,"Providence, R.I."
1976,09/25/1976,vs,Rhode Island,W,3-0,"Providence, R.I."
1976,10/02/1976,at,Princeton,W,13-7,"Princeton, N.J."
1976,10/09/1976,vs,Penn,L,6-7,"Providence, R.I."
1976,10/16/1976,at,Cornell,W,28-12,"Ithaca, N.Y."
1976,10/23/1976,vs,Holy Cross,W,28-18,"Providence, R.I."
1976,10/30/1976,at,Harvard,W,16-14,"Boston, Mass."
1976,11/06/1976,vs,Dartmouth,W,35-21,"Providence, R.I."
1976,11/13/1976,at,Columbia,W,28-17,"New York, N.Y."
1977,09/17/1977,at,Yale,L,9-10,"New Haven, Conn."
1977,09/24/1977,vs,Rhode Island,W,28-10,"Providence, R.I."
1977,10/01/1977,vs,Princeton,W,10-7,"Providence, R.I."
1977,10/08/1977,at,Penn,L,7-14,"Philadelphia, Pa."
1977,10/15/1977,vs,Cornell,W,21-3,"Providence, R.I."
1977,10/22/1977,at,Holy Cross,W,44-13,"Worcester, Mass."
1977,10/29/1977,vs,Harvard,W,20-15,"Providence, R.I."
1977,11/05/1977,at,Dartmouth,W,13-10,"Hanover, N.H."
1977,11/12/1977,vs,Columbia,W,21-14,"Providence, R.I."
1978,09/23/1978,vs,Yale,L,0-21,"Providence, R.I."
1978,09/30/1978,vs,Rhode Island,L,3-17,"Providence, R.I."
1978,10/07/1978,at,Princeton,W,44-16,"Princeton, N.J."
1978,10/14/1978,vs,Penn,W,14-0,"Providence, R.I."
1978,10/21/1978,at,Cornell,W,21-13,"Ithaca, N.Y."
1978,10/28/1978,vs,Holy Cross,W,31-25,"Providence, R.I."
1978,11/04/1978,at,Harvard,W,31-30,"Boston, Mass."
1978,11/11/1978,vs,Dartmouth,L,21-31,"Providence, R.I."
1978,11/18/1978,at,Columbia,W,24-12,"New York, N.Y."
1979,09/22/1979,at,Yale,L,12-13,"New Haven, Conn."
1979,09/29/1979,vs,Rhode Island,W,31-13,"Providence, R.I."
1979,10/06/1979,vs,Princeton,W,31-12,"Providence, R.I."
1979,10/13/1979,at,Penn,W,24-18,"Philadelphia, Pa."
1979,10/20/1979,vs,Cornell,W,28-7,"Providence, R.I."
1979,10/27/1979,at,Holy Cross,L,7-14,"Worcester, Mass."
1979,11/03/1979,vs,Harvard,W,23-14,"Providence, R.I."
1979,11/10/1979,at,Dartmouth,L,10-24,"Hanover, N.H."
1979,11/17/1979,vs,Columbia,W,31-14,"Providence, R.I."
1980,09/20/1980,vs,Yale,L,17-45,"Providence, R.I."
1980,09/27/1980,vs,Bucknell,L,20-28,"Providence, R.I."
1980,10/04/1980,at,Princeton,W,28-11,"Princeton, N.J."
1980,10/11/1980,vs,Penn,W,42-22,"Providence, R.I."
1980,10/18/1980,at,Cornell,W,32-25,"Ithaca, N.Y."
1980,10/25/1980,vs,Holy Cross,W,21-3,"Providence, R.I."
1980,11/01/1980,at,Harvard,L,16-17,"Boston, Mass."
1980,11/15/1980,vs,Dartmouth,L,24-28,"Providence, R.I."
1980,11/22/1980,at,Columbia,W,31-13,"New York, N.Y."
1980,11/27/1980,vs,Rhode Island,W,9-3,"Providence, R.I."
1981,09/19/1981,at,Yale,L,7-28,"New Haven, Conn."
1981,09/26/1981,at,Army,L,17-23,"West Point, N.Y."
1981,10/03/1981,vs,Princeton,L,17-20,"Providence, R.I."
1981,10/10/1981,at,Penn,W,26-24,"Philadelphia, Pa."
1981,10/17/1981,vs,Cornell,L,9-14,"Providence, R.I."
1981,10/24/1981,at,Holy Cross,L,24-34,"Worcester, Mass."
1981,10/31/1981,vs,Harvard,L,7-41,"Providence, R.I."
1981,11/07/1981,at,Rhode Island,W,10-8,"Kingston, R.I."
1981,11/14/1981,at,Dartmouth,L,13-38,"Hanover, N.H."
1981,11/21/1981,vs,Columbia,W,23-20,"Providence, R.I."
1982,09/18/1982,vs,Yale,W,28-21,"Providence, R.I."
1982,09/25/1982,vs,Rhode Island,W,24-20,"Providence, R.I."
1982,10/02/1982,at,Princeton,L,23-28,"Princeton, N.J."
1982,10/09/1982,vs,Penn,L,21-24,"Providence, R.I."
1982,10/16/1982,at,Cornell,W,38-19,"Ithaca, N.Y."
1982,10/23/1982,vs,Holy Cross,L,6-17,"Providence, R.I."
1982,10/30/1982,at,Harvard,L,0-34,"Boston, Mass."
1982,11/06/1982,at,William & Mary,W,23-22,"Williamsburg, Va."
1982,11/13/1982,vs,Dartmouth,L,16-22,"Providence, R.I."
1982,11/20/1982,at,Columbia,W,35-21,"New York, N.Y."
1983,09/17/1983,at,Yale,W,26-24,"New Haven, Conn."
1983,09/24/1983,vs,Rhode Island,L,16-30,"Providence, R.I."
1983,10/01/1983,vs,Princeton,L,16-27,"Providence, R.I."
1983,10/08/1983,at,Penn,T,24-24,"Philadelphia, Pa."
1983,10/15/1983,vs,Cornell,W,14-3,"Providence, R.I."
1983,10/22/1983,at,Holy Cross,L,10-31,"Worcester, Mass."
1983,10/29/1983,vs,Harvard,L,10-17,"Providence, R.I."
1983,11/05/1983,at,Penn State,L,21-38,"State College, Pa."
1983,11/12/1983,at,Dartmouth,W,25-7,"Hanover, N.H."
1983,11/19/1983,vs,Columbia,W,42-36,"Providence, R.I."
1984,09/22/1984,vs,Yale,W,27-14,"Providence, R.I."
1984,09/29/1984,vs,Rhode Island,L,13-34,"Providence, R.I."
1984,10/06/1984,at,Princeton,W,32-30,"Princeton, N.J."
1984,10/13/1984,vs,Penn,L,14-41,"Providence, R.I."
1984,10/20/1984,at,Cornell,W,13-9,"Ithaca, N.Y."
1984,10/27/1984,vs,Holy Cross,L,17-38,"Providence, R.I."
1984,11/03/1984,at,Harvard,L,10-24,"Boston, Mass."
1984,11/10/1984,vs,Dartmouth,L,11-27,"Providence, R.I."
1984,11/17/1984,at,Columbia,W,28-14,"New York, N.Y."
1985,09/21/1985,at,Yale,L,9-10,"New Haven, Conn."
1985,09/28/1985,vs,Rhode Island,W,32-27,"Providence, R.I."
1985,10/05/1985,vs,Princeton,W,17-0,"Providence, R.I."
1985,10/12/1985,at,Penn,L,14-17,"Philadelphia, Pa."
1985,10/19/1985,vs,Cornell,W,22-0,"Providence, R.I."
1985,10/26/1985,vs,Holy Cross,T,20-20,"Providence, R.I."
1985,11/02/1985,vs,Harvard,L,17-25,"Providence, R.I."
1985,11/09/1985,at,Richmond,L,13-29,"Richmond, Va."
1985,11/16/1985,at,Dartmouth,W,22-0,"Hanover, N.H."
1985,11/23/1985,vs,Columbia,W,34-0,"Providence, R.I."
1986,09/20/1986,vs,Yale,W,21-7,"Providence, R.I."
1986,09/27/1986,at,Rhode Island,W,27-7,"Kingston, R.I."
1986,10/04/1986,at,Princeton,W,24-10,"Princeton, N.J."
1986,10/11/1986,vs,Penn,L,0-34,"Providence, R.I."
1986,10/18/1986,at,Cornell,L,9-27,"Ithaca, N.Y."
1986,10/25/1986,vs,Holy Cross,L,7-22,"Providence, R.I."
1986,11/01/1986,at,Harvard,W,31-19,"Boston, Mass."
1986,11/08/1986,vs,Colgate,L,3-27,"Providence, R.I."
1986,11/15/1986,vs,Dartmouth,T,21-21,"Providence, R.I."
1986,11/22/1986,at,Columbia,W,45-7,"New York, N.Y."
1987,09/19/1987,at,Yale,W,17-7,"New Haven, Conn."
1987,09/26/1987,vs,Rhode Island,W,17-15,"Providence, R.I."
1987,10/03/1987,vs,Princeton,W,13-7,"Providence, R.I."
1987,10/10/1987,at,Penn,L,17-38,"Philadelphia, Pa."
1987,10/17/1987,vs,Cornell,W,23-15,"Providence, R.I."
1987,10/24/1987,at,Holy Cross,L,0-41,"Worcester, Mass."
1987,10/31/1987,vs,Harvard,L,9-14,"Providence, R.I."
1987,11/07/1987,at,Lehigh,W,10-7,"Bethlehem, Pa."
1987,11/14/1987,at,Dartmouth,W,19-0,"Hanover, N.H."
1987,11/21/1987,vs,Columbia,W,19-16,"Providence, R.I."
1988,09/17/1988,vs,Yale,T,24-24,"Providence, R.I."
1988,09/24/1988,at,Rhode Island,L,10-17,"Kingston, R.I."
1988,10/01/1988,at,Princeton,L,27-31,"Princeton, N.J."
1988,10/08/1988,vs,Penn,L,0-10,"Providence, R.I."
1988,10/15/1988,at,Cornell,L,0-35,"Ithaca, N.Y."
1988,10/22/1988,vs,Holy Cross,L,14-35,"Providence, R.I."
1988,10/29/1988,at,Harvard,L,3-28,"Boston, Mass."
1988,11/05/1988,vs,Maine,L,10-37,"Providence, R.I."
1988,11/12/1988,vs,Dartmouth,L,24-37,"Providence, R.I."
1988,11/19/1988,at,Columbia,L,13-31,"New York, N.Y."
1989,09/16/1989,at,Yale,L,3-12,"New Haven, Conn."
1989,09/23/1989,at,Colgate,L,7-42,"Hamilton, N.Y."
1989,09/30/1989,vs,Rhode Island,L,13-18,"Providence, R.I."
1989,10/07/1989,vs,Princeton,L,15-38,"Providence, R.I."
1989,10/14/1989,at,Pennsylvania,L,30-32,"Philadelphia, Pa."
1989,10/21/1989,vs,Cornell,W,28-7,"Providence, R.I."
1989,10/28/1989,at,Holy Cross,L,13-49,"Worcester, Mass."
1989,11/04/1989,vs,Harvard,L,14-27,"Providence, R.I."
1989,11/11/1989,at,Dartmouth,L,6-12,"Hanover, N.H."
1989,11/18/1989,vs,Columbia,W,39-27,"Providence, R.I."
1990,09/15/1990,vs,Yale,L,21-27,"Providence, R.I."
1990,09/22/1990,at,Rhode Island,L,3-23,"Kingston, R.I."
1990,09/29/1990,vs,Fordham,L,28-35,"Providence, R.I."
1990,10/06/1990,at,Princeton,L,23-27,"Princeton, N.J."
1990,10/13/1990,vs,Holy Cross,L,0-55,"Providence, R.I."
1990,10/20/1990,vs,Penn,W,24-17,"Providence, R.I."
1990,10/27/1990,at,Cornell,L,7-24,"Ithaca, N.Y."
1990,11/03/1990,at,Harvard,L,37-52,"Boston, Mass."
1990,11/10/1990,vs,Dartmouth,L,0-29,"Providence, R.I."
1990,11/17/1990,at,Columbia,W,17-0,"New York, N.Y."
1991,09/21/1991,at,Yale,L,20-36,"New Haven, Conn."
1991,09/28/1991,at,Marshall,L,0-46,"Huntington, W.Va."
1991,10/05/1991,vs,Rhode Island,L,36-38,"Providence, R.I."
1991,10/12/1991,vs,Princeton,L,37-59,"Providence, R.I."
1991,10/19/1991,at,Holy Cross,L,28-42,"Worcester, Mass."
1991,10/26/1991,at,Penn,L,19-28,"Philadelphia, Pa."
1991,11/02/1991,vs,Cornell,L,17-20,"Providence, R.I."
1991,11/09/1991,vs,Harvard,L,29-35,"Providence, R.I."
1991,11/16/1991,at,Dartmouth,L,13-45,"Hanover, N.H."
1991,11/23/1991,vs,Columbia,W,28-23,"Providence, R.I."
1992,09/19/1992,vs,Yale,L,17-22,"Providence, R.I."
1992,09/26/1992,at,Bucknell,L,14-33,"Lewisburg, Pa."
1992,10/03/1992,at,William & Mary,L,6-51,"Williamsburg, Va."
1992,10/10/1992,at,Princeton,L,14-28,"Princeton, N.J."
1992,10/17/1992,vs,Lehigh,L,24-31,"Providence, R.I."
1992,10/24/1992,vs,Penn,L,0-38,"Providence, R.I."
1992,10/31/1992,at,Cornell,L,6-16,"Ithaca, N.Y."
1992,11/07/1992,at,Harvard,L,19-29,"Boston, Mass."
1992,11/14/1992,vs,Dartmouth,L,28-51,"Providence, R.I."
1992,11/21/1992,at,Columbia,L,28-34,"New York, N.Y."
1993,09/18/1993,at,Yale,W,12-3,"New Haven, Conn."
1993,09/25/1993,at,Lehigh,L,35-42,"Bethlehem, Pa."
1993,10/02/1993,vs,Rhode Island,L,7-30,"Providence, R.I."
1993,10/09/1993,vs,Princeton,L,16-34,"Providence, R.I."
1993,10/16/1993,vs,Bucknell,W,21-12,"Providence, R.I."
1993,10/23/1993,at,Penn,L,9-34,"Philadelphia, Pa."
1993,10/30/1993,vs,Cornell,L,3-21,"Providence, R.I."
1993,11/06/1993,vs,Harvard,W,43-29,"Providence, R.I."
1993,11/13/1993,at,Dartmouth,L,16-39,"Hanover, N.H."
1993,11/20/1993,vs,Columbia,W,28-23,"Providence, R.I."
1994,09/17/1994,vs,Yale,L,16-27,"Providence, R.I."
1994,09/24/1994,at,Rhode Island,W,32-29,"Kingston, R.I."
1994,10/01/1994,vs,Colgate,W,26-7,"Providence, R.I."
1994,10/08/1994,at,Princeton,L,10-31,"Princeton, N.J."
1994,10/15/1994,vs,Holy Cross,W,20-18,"Providence, R.I."
1994,10/22/1994,vs,Penn,L,0-24,"Providence, R.I."
1994,10/29/1994,at,Cornell,W,16-3,"Ithaca, N.Y."
1994,11/05/1994,at,Harvard,W,23-17,"Boston, Mass."
1994,11/12/1994,vs,Dartmouth,W,27-14,"Providence, R.I."
1994,11/19/1994,at,Columbia,W,59-27,"New York, N.Y."
1995,09/16/1995,at,Yale,L,38-42,"New Haven, Conn."
1995,09/23/1995,vs,Rhode Island,W,31-28,"Providence, R.I."
1995,09/30/1995,at,Holy Cross,W,37-14,"Worcester, Mass."
1995,10/07/1995,vs,Princeton,L,19-21,"Providence, R.I."
1995,10/14/1995,vs,Colgate,W,21-6,"Providence, R.I."
1995,10/21/1995,at,Penn,L,21-58,"Philadelphia, Pa."
1995,10/28/1995,vs,Cornell,L,28-38,"Providence, R.I."
1995,11/04/1995,vs,Harvard,W,47-8,"Providence, R.I."
1995,11/11/1995,at,Dartmouth,L,7-10,"Hanover, N.H."
1995,11/18/1995,vs,Columbia,W,33-14,"Providence, R.I."
1996,09/21/1996,vs,Yale,L,0-30,"Providence, R.I."
1996,09/28/1996,at,Rhode Island,L,13-28,"Kingston, R.I."
1996,10/05/1996,at,Colgate,L,27-44,"Hamilton, N.Y."
1996,10/12/1996,at,Princeton,W,27-23,"Princeton, N.J."
1996,10/19/1996,vs,Fordham,W,27-14,"Providence, R.I."
1996,10/26/1996,vs,Penn,W,27-21,"Providence, R.I."
1996,11/02/1996,at,Cornell,W,35-21,"Ithaca, N.Y."
1996,11/09/1996,at,Harvard,W,31-7,"Boston, Mass."
1996,11/16/1996,vs,Dartmouth,L,24-27,"Providence, R.I."
1996,11/23/1996,at,Columbia,L,27-31,"New York, N.Y."
1997,09/20/1997,at,Yale,W,52-14,"New Haven, Conn."
1997,09/27/1997,vs,Lafayette,W,35-27,"Providence, R.I."
1997,10/04/1997,at,Fordham,W,45-14,"Bronx, N.Y."
1997,10/11/1997,vs,Princeton,L,13-30,"Providence, R.I."
1997,10/18/1997,vs,Rhode Island,W,23-15,"Providence, R.I."
1997,10/25/1997,at,Penn,W,10-31,"Philadelphia, Pa."
1997,11/01/1997,vs,Cornell,W,37-12,"Providence, R.I."
1997,11/08/1997,vs,Harvard,L,10-27,"Providence, R.I."
1997,11/15/1997,at,Dartmouth,L,7-13,"Hanover, N.H."
1997,11/22/1997,vs,Columbia,W,42-11,"Providence, R.I."
1998,09/19/1998,vs,Yale,L,28-30,"Providence, R.I."
1998,09/26/1998,at,Lafayette,W,23-21,"Easton, Pa."
1998,10/03/1998,at,Rhode Island,L,16-44,"Kingston, R.I."
1998,10/10/1998,at,Princeton,L,17-31,"Princeton, N.J."
1998,10/17/1998,vs,Fordham,W,38-27,"Providence, R.I."
1998,10/24/1998,vs,Penn,W,58-51,"Providence, R.I."
1998,10/31/1998,at,Cornell,W,20-7,"Ithaca, N.Y."
1998,11/07/1998,at,Harvard,W,27-6,"Boston, Mass."
1998,11/14/1998,vs,Dartmouth,W,28-21,"Providence, R.I."
1998,11/21/1998,at,Columbia,W,10-3,"New York, N.Y."
1999,09/18/1999,at,Yale,W,25-24,"New Haven, Conn."
1999,09/25/1999,vs,Lafayette,W,35-28,"Providence, R.I."
1999,10/02/1999,vs,Cornell,L,28-33,"Providence, R.I."
1999,10/09/1999,vs,Princeton,W,53-30,"Providence, R.I."
1999,10/16/1999,vs,Rhode Island,W,27-25,"Providence, R.I."
1999,10/23/1999,at,Penn,W,44-37,"Philadelphia, Pa."
1999,10/30/1999,at,Fordham,W,37-18,"Bronx, N.Y."
1999,11/06/1999,vs,Harvard,W,17-10,"Providence, R.I."
1999,11/13/1999,at,Dartmouth,W,35-28,"Hanover, N.H."
1999,11/20/1999,vs,Columbia,W,23-6,"Providence, R.I."
2000,09/16/2000,vs,San Diego,W,36-20,"Providence, R.I."
2000,09/23/2000,vs,Harvard,L,37-42,"Providence, R.I."
2000,09/30/2000,vs,Rhode Island,W,29-19,"Providence, R.I."
2000,10/07/2000,at,Fordham,W,44-17,"Bronx, N.Y."
2000,10/14/2000,at,Princeton,L,28-55,"Princeton, N.J."
2000,10/21/2000,vs,Cornell,W,56-40,"Providence, R.I."
2000,10/28/2000,at,Penn,L,38-41,"Philadelphia, Pa."
2000,11/04/2000,vs,Yale,W,28-14,"Providence, R.I."
2000,11/11/2000,at,Dartmouth,W,34-26,"Hanover, N.H."
2000,11/18/2000,vs,Columbia,W,45-27,"Providence, R.I."
2001,09/22/2001,at,Harvard,L,20-27,"Boston, Mass."
2001,09/29/2001,vs,Rhode Island,L,38-42,"Providence, R.I."
2001,10/06/2001,vs,Fordham,W,40-23,"Providence, R.I."
2001,10/13/2001,vs,Princeton,W,35-24,"Providence, R.I."
2001,10/20/2001,at,Cornell,W,49-21,"Ithaca, N.Y."
2001,10/27/2001,vs,Penn,L,14-27,"Providence, R.I."
2001,11/03/2001,at,Yale,W,37-34,"New Haven, Conn."
2001,11/10/2001,vs,Dartmouth,W,41-16,"Providence, R.I."
2001,11/17/2001,at,Columbia,W,45-21,"New York, N.Y."
2002,09/21/2002,at,Towson,L,42-56,"Towson, Md."
2002,09/28/2002,vs,Harvard,L,24-26,"Providence, R.I."
2002,10/05/2002,at,Rhode Island,L,28-38,"Kingston, R.I."
2002,10/12/2002,at,Fordham,L,17-24,"New York, N.Y."
2002,10/19/2002,at,Princeton,L,14-16,"Princeton, N.J."
2002,10/26/2002,vs,Cornell,L,7-10,"Providence, R.I."
2002,11/02/2002,at,Penn,L,7-31,"Philadelphia, Pa."
2002,11/09/2002,vs,Yale,L,27-31,"Providence, R.I."
2002,11/16/2002,at,Dartmouth,W,21-18,"Hanover, N.H."
2002,11/23/2002,vs,Columbia,W,35-28,"Providence, R.I."
2003,09/20/2003,at,Albany,W,21-3,"Albany, N.Y."
2003,09/27/2003,at,Harvard,L,14-52,"Boston, Mass."
2003,10/04/2003,vs,Rhode Island,L,9-27,"Providence, R.I."
2003,10/11/2003,vs,Fordham,L,21-24,"Providence, R.I."
2003,10/18/2003,vs,Princeton,L,14-34,"Providence, R.I."
2003,10/25/2003,at,Cornell,W,21-7,"Ithaca, N.Y."
2003,11/01/2003,vs,Penn,L,21-24,"Providence, R.I."
2003,11/08/2003,at,Yale,W,55-44,"New Haven, Conn."
2003,11/15/2003,vs,Dartmouth,W,26-21,"Providence, R.I."
2003,11/22/2003,at,Columbia,W,42-10,"New York, N.Y."
2004,09/18/2004,vs,Albany,W,35-7,"Providence, R.I."
2004,09/25/2004,vs,Harvard,L,34-35,"Providence, R.I."
2004,10/02/2004,at,Rhode Island,W,20-13,"Kingston, R.I."
2004,10/09/2004,at,Fordham,W,27-20,"Bronx, N.Y."
2004,10/16/2004,at,Princeton,L,10-24,"Princeton, N.J."
2004,10/23/2004,vs,Cornell,W,21-17,"Providence, R.I."
2004,10/30/2004,at,Penn,L,16-20,"Philadelphia, Pa."
2004,11/06/2004,vs,Yale,W,24-17,"Providence, R.I."
2004,11/13/2004,at,Dartmouth,L,7-20,"Hanover, N.H."
2004,11/20/2004,vs,Columbia,W,33-21,"Providence, R.I."
2005,09/17/2005,at,Georgetown,W,34-3,"Washington, D.C."
2005,09/24/2005,at,Harvard,L,35-38,"Boston, Mass."
2005,10/01/2005,vs,Rhode Island,W,45-35,"Providence, R.I."
2005,10/08/2005,vs,Fordham,W,37-14,"Providence, R.I."
2005,10/15/2005,vs,Princeton,W,31-28,"Providence, R.I."
2005,10/22/2005,at,Cornell,W,38-24,"Ithaca, N.Y."
2005,10/29/2005,vs,Penn,W,34-20,"Providence, R.I."
2005,11/05/2005,at,Yale,W,38-21,"New Haven, Conn."
2005,11/12/2005,vs,Dartmouth,W,24-14,"Providence, R.I."
2005,11/19/2005,at,Columbia,W,52-21,"New York, N.Y."
2006,09/16/2006,vs,Georgetown,W,34-21,"Providence, R.I."
2006,09/23/2006,vs,Harvard,L,21-38,"Providence, R.I."
2006,09/30/2006,at,Rhode Island,L,21-28,"Kingston, R.I."
2006,10/07/2006,at,Holy Cross,L,30-35,"Worcester, Mass."
2006,10/13/2006,at,Princeton,L,3-17,"Princeton, N.J."
2006,10/21/2006,vs,Cornell,W,28-7,"Providence, R.I."
2006,10/28/2006,at,Penn,W,30-27,"Philadelphia, Pa."
2006,11/04/2006,vs,Yale,L,24-27,"Providence, R.I."
2006,11/11/2006,at,Dartmouth,L,13-19,"Hanover, N.H."
2006,11/18/2006,vs,Columbia,L,21-22,"Providence, R.I."
2007,09/15/2007,vs,Duquesne,W,28-17,"Providence, R.I."
2007,09/22/2007,at,Harvard,L,17-24,"Boston, Mass."
2007,09/29/2007,vs,Rhode Island,L,42-49,"Providence, R.I."
2007,10/06/2007,vs,Holy Cross,L,37-48,"Providence, R.I."
2007,10/13/2007,vs,Princeton,W,33-24,"Providence, R.I."
2007,10/20/2007,at,Cornell,L,31-38,"Ithaca, N.Y."
2007,10/27/2007,vs,Penn,W,31-17,"Providence, R.I."
2007,11/03/2007,at,Yale,L,7-17,"New Haven, Conn."
2007,11/10/2007,vs,Dartmouth,W,56-35,"Providence, R.I."
2007,11/17/2007,at,Columbia,W,30-22,"New York, N.Y."
2008,09/20/2008,vs,Stony Brook,W,17-7,"Providence, R.I."
2008,09/27/2008,vs,Harvard,W,24-22,"Providence, R.I."
2008,10/04/2008,at,Rhode Island,L,13-37,"Kingston, R.I."
2008,10/11/2008,at,Holy Cross,L,34-41,"Worcester, Mass."
2008,10/18/2008,at,Princeton,W,31-10,"Princeton, N.J."
2008,10/25/2008,vs,Cornell,W,27-7,"Providence, R.I."
2008,11/01/2008,at,Penn,W,34-27,"Philadelphia, Pa."
2008,11/08/2008,vs,Yale,L,3-13,"Providence, R.I."
2008,11/15/2008,at,Dartmouth,W,45-16,"Hanover, N.H."
2008,11/22/2008,vs,Columbia,W,41-10,"Providence, R.I."
2009,09/19/2009,at,Stony Brook,L,20-21,"Stony Brook, N.Y."
2009,09/25/2009,at,Harvard,L,21-24,"Boston, Mass."
2009,10/03/2009,vs,Rhode Island,W,28-20,"Providence, R.I."
2009,10/10/2009,vs,Holy Cross,W,34-31,"Providence, R.I."
2009,10/17/2009,vs,Princeton,W,34-17,"Providence, R.I."
2009,10/24/2009,at,Cornell,W,34-14,"Ithaca, N.Y."
2009,10/31/2009,vs,Penn,L,7-14,"Providence, R.I."
2009,11/07/2009,at,Yale,W,35-21,"New Haven, Conn."
2009,11/14/2009,vs,Dartmouth,W,14-7,"Providence, R.I."
2009,11/21/2009,at,Columbia,L,14-28,"New York, N,Y."
2010,09/18/2010,vs,Stony Brook,W,33-30,"Providence, R.I."
2010,09/25/2010,vs,Harvard,W,29-14,"Providence, R.I."
2010,10/02/2010,at,Rhode Island,L,24-27,"Kingston, R.I."
2010,10/09/2010,at,Holy Cross,L,13-17,"Worcester, Mass."
2010,10/16/2010,at,Princeton,W,17-13,"Princeton, N.J."
2010,10/23/2010,vs,Cornell,W,27-14,"Providence, R.I."
2010,10/30/2010,at,Penn,L,7-24,"Philadelphia, Pa."
2010,11/06/2010,vs,Yale,L,24-27,"Providence, R.I."
2010,11/13/2010,at,Dartmouth,W,35-28,"Hanover, N.H."
2010,11/20/2010,vs,Columbia,W,38-16,"Providence, R.I."
2011,09/17/2011,at,Stony Brook,W,21-20,"Stony Brook, N.Y."
2011,09/23/2011,at,Harvard,L,7-24,"Boston, Mass."
2011,10/01/2011,vs,Rhode Island,W,35-21,"Providence, R.I."
2011,10/08/2011,vs,Holy Cross,W,20-13,"Providence, R.I."
2011,10/15/2011,vs,Princeton,W,34-0,"Providence, R.I."
2011,10/22/2011,at,Cornell,W,35-24,"Ithaca, N.Y."
2011,10/29/2011,vs,Penn,W,6-0,"Providence, R.I."
2011,11/05/2011,at,Yale,W,34-28,"New Haven, Conn."
2011,11/12/2011,vs,Dartmouth,L,16-21,"Providence, R.I."
2011,11/19/2011,at,Columbia,L,28-35,"New York, N.Y."
2012,09/15/2012,at,Holy Cross,W,24-21,"Worcester, Mass."
2012,09/22/2012,vs,Harvard,L,31-45,"Providence, R.I."
2012,09/29/2012,at,Georgetown,W,37-10,"Washington, D.C."
2012,10/06/2012,at,Rhode Island,W,17-7,"Kingston, R.I."
2012,10/13/2012,at,Princeton,L,0-19,"Princeton, N.J."
2012,10/20/2012,vs,Cornell,W,21-14,"Providence, R.I."
2012,10/27/2012,at,Penn,L,17-20,"Philadelphia, Pa."
2012,11/03/2012,vs,Yale,W,20-0,"Providence, R.I."
2012,11/10/2012,at,Dartmouth,W,28-24,"Hanover, N.H."
2012,11/17/2012,vs,Columbia,W,22-6,"Providence, R.I."
2013,09/21/2013,vs,Georgetown,W,45-7,"Providence, R.I."
2013,09/28/2013,at,Harvard,L,23-41,"Boston, Mass."
2013,10/05/2013,vs,Rhode Island,W,31-14,"Providence, R.I."
2013,10/12/2013,at,Bryant,W,41-14,"Smithfield, R.I."
2013,10/19/2013,vs,Princeton,L,17-39,"Providence, R.I."
2013,10/26/2013,at,Cornell,W,42-35,"Ithaca, N.Y."
2013,11/02/2013,vs,Penn,W,27-0,"Providence, R.I."
2013,11/09/2013,at,Yale,L,17-24,"New Haven, Conn."
2013,11/16/2013,vs,Dartmouth,L,20-24,"Providence, R.I."
2013,11/23/2013,at,Columbia,W,48-7,"New York, N.Y."
2014,09/20/2014,at,Georgetown,L,3-17,"Washington, D.C."
2014,09/27/2014,vs,Harvard,L,14-22,"Providence, R.I."
2014,10/04/2014,at,Rhode Island,W,20-13,"Kingston, R.I."
2014,10/11/2014,vs,Holy Cross,W,27-24,"Providence, R.I."
2014,10/18/2014,at,Princeton,L,16-27,"Princeton, N.J."
2014,10/25/2014,vs,Cornell,W,42-16,"Providence, R.I."
2014,11/01/2014,at,Penn,W,21-13,"Philadelphia, Pa."
2014,11/08/2014,vs,Yale,L,42-45,"Providence, R.I."
2014,11/15/2014,at,Dartmouth,L,21-44,"Hanover, N.H."
2014,11/22/2014,vs,Columbia,W,41-7,"Providence, R.I."
2015,09/19/2015,vs,Bryant,L,16-20,"Providence, R.I."
2015,09/26/2015,at,Harvard,L,27-53,"Boston, Mass."
2015,10/03/2015,vs,Rhode Island,W,41-31,"Providence, R.I."
2015,10/10/2015,at,Holy Cross,W,25-24,"Worcester, Mass."
2015,10/17/2015,vs,Princeton,W,38-31,"Providence, R.I."
2015,10/24/2015,at,Cornell,W,44-24,"Ithaca, N.Y."
2015,10/31/2015,vs,Penn,L,28-48,"Providence, R.I."
2015,11/07/2015,at,Yale,L,14-41,"New Haven, Conn."
2015,11/14/2015,vs,Dartmouth,L,18-34,"Providence, R.I."
2015,11/20/2015,at,Columbia,W,28-23,"New York, N.Y."
2016,09/17/2016,at,Bryant,W,35-27,"Smithfield, R.I."
2016,09/24/2016,vs,Harvard,L,22-32,"Providence, R.I."
2016,10/01/2016,at,Rhode Island,L,13-28,"Kingston, R.I."
2016,10/08/2016,vs,Stetson,L,21-31,"Providence, R.I."
2016,10/15/2016,at,Princeton,L,7-31,"Princeton, N.J."
2016,10/22/2016,vs,Cornell,W,28-21,"Providence, R.I."
2016,10/29/2016,at,Penn,L,14-21,"Philadelphia, Pa."
2016,11/05/2016,vs,Yale,W,27-22,"Providence, R.I."
2016,11/12/2016,at,Dartmouth,W,24-21,"Hanover, N.H."
2016,11/19/2016,vs,Columbia,L,13-31,"Providence, R.I."
2017,09/16/2017,vs,Bryant,W,28-23,"Providence, R.I."
2017,09/23/2017,at,Harvard,L,28-45,"Boston, Mass."
2017,09/30/2017,vs,Rhode Island,W,24-21,"Providence, R.I."
2017,10/07/2017,at,Stetson,L,13-17,"DeLand, Fla."
2017,10/14/2017,vs,Princeton,L,0-53,"Providence, R.I."
2017,10/21/2017,at,Cornell,L,7-34,"Ithaca, N.Y."
2017,10/28/2017,vs,Penn,L,7-17,"Providence, R.I."
2017,11/03/2017,at,Yale,L,7-34,"New Haven, Conn."
2017,11/10/2017,vs,Dartmouth,L,10-33,"Boston, Mass. (Fenway Park)"
2017,11/18/2017,at,Columbia,L,6-24,"New York, N.Y."
2018,09/14/2018,at,Cal Poly,L,15-44,"San Luis Obispo, Calif."
2018,09/21/2018,vs,Harvard,L,17-31,"Providence, R.I."
2018,09/29/2018,vs,Georgetown,W,35-7,"Providence, R.I."
2018,10/06/2018,at,Rhode Island,L,0-48,"Kingston, R.I."
2018,10/13/2018,at,Princeton,L,10-48,"Princeton, N.J."
2018,10/20/2018,vs,Cornell,L,16-34,"Providence, R.I."
2018,10/27/2018,vs,Penn,L,7-13,"Providence, R.I."
2018,11/03/2018,at,Yale,L,16-46,"New Haven, Conn."
2018,11/10/2018,vs,Columbia,L,20-42,"Providence, R.I."
2018,11/17/2018,at,Dartmouth,L,7-49,"Hanover, N.H."
2019,09/21/2019,at,Bryant,W,35-30,"Smithfield, R.I."
2019,09/27/2019,at,Harvard,L,7-42,"Boston, Mass."
2019,10/05/2019,vs,Rhode Island,L,28-31,"Providence, R.I."
2019,10/12/2019,vs,Holy Cross,L,31-47,"Providence, R.I."
2019,10/19/2019,vs,Princeton,L,22-65,"Providence, R.I."
2019,10/26/2019,at,Cornell,L,35-37,"Ithaca, N.Y."
2019,11/02/2019,at,Penn,L,36-38,"Philadelphia, Pa."
2019,11/09/2019,vs,Yale,L,35-59,"Providence, R.I."
2019,11/16/2019,at,Columbia,W,48-24,"New York, N.Y."
2019,11/23/2019,vs,Dartmouth,L,23-29,"Providence, R.I."
2021,09/18/2021,vs,Rhode Island,L,24-45,"Providence, R.I."
2021,09/24/2021,at,Harvard,L,17-49,"Boston, Mass."
2021,10/02/2021,at,Bryant,L,29-36,"Smithfield, R.I."
2021,10/09/2021,vs,Colgate,W,31-10,"Providence, R.I."
2021,10/16/2021,vs,Princeton,L,42-56,"Providence, R.I."
2021,10/23/2021,at,Cornell,W,49-45,"Ithaca, N.Y."
2021,10/30/2021,at,Penn,L,17-45,"Philadelphia, Pa."
2021,11/06/2021,vs,Yale,L,38-63,"Providence, R.I."
2021,11/13/2021,at,Columbia,L,17-23,"New York, N.Y."
2021,11/20/2021,vs,Dartmouth,L,31-52,"Providence, R.I."
2022,09/17/2022,vs,Bryant,W,44-38,"Providence, R.I."
2022,09/24/2022,vs,Harvard,L,28-35,"Providence, R.I."
2022,10/01/2022,at,Rhode Island,L,10-38,"Kingston, R.I."
2022,10/08/2022,at,Central Connecticut State,W,27-20,"New Britain, Conn."
2022,10/14/2022,at,Princeton,L,19-35,"Princeton, N.J."
2022,10/22/2022,vs,Cornell,L,21-24,"Providence, R.I."
2022,10/29/2022,vs,Penn,W,34-31,"Providence, R.I."
2022,11/05/2022,at,Yale,L,17-69,"New Haven, Conn."
2022,11/12/2022,vs,Columbia,L,24-31,"Providence, R.I."
2022,11/19/2022,at,Dartmouth,L,7-30,"Hanover, N.H."
2023,09/16/2023,at,Bryant,W,29-25,"Smithfield, R.I."
2023,09/22/2023,at,Harvard,L,31-34,"Boston, Mass."
2023,09/30/2023,vs,Central Connecticut State,W,42-20,"Providence, R.I."
2023,10/07/2023,vs,Rhode Island,L,30-34,"Providence, R.I."
2023,10/14/2023,vs,Princeton,W,28-27,"Providence, R.I."
2023,10/21/2023,at,Cornell,L,14-36,"Ithaca, N.Y."
2023,10/27/2023,at,Penn,W,30-26,"Philadelphia, Pa."
2023,11/04/2023,vs,Yale,L,17-36,"Providence, R.I."
2023,11/11/2023,at,Columbia,W,21-14,"New York, N.Y."
2023,11/18/2023,vs,Dartmouth,L,13-38,"Providence, R.I."
2024,09/21/2024,at,Georgetown,W,26-14,"Washington, D.C."
2024,09/28/2024,vs,Harvard,W,31-28,"Providence, R.I."
2024,10/05/2024,vs,Bryant,L,35-42,"Providence, R.I."
2024,10/12/2024,at,Rhode Island,L,21-31,"Kingston, R.I."
2024,10/18/2024,at,Princeton,L,17-29,"Princeton, N.J."
2024,10/26/2024,vs,Cornell,W,23-21,"Providence, R.I."
2024,11/02/2024,vs,Penn,L,28-38,"Providence, R.I."
2024,11/09/2024,at,Yale,L,34-56,"New Haven, Conn."
2024,11/16/2024,vs,Columbia,L,12-21,"Providence, R.I."
2024,11/23/2024,at,Dartmouth,L,28-56,"Hanover, N.H."
2025,09/20/2025,vs,Georgetown,W,46-0,"Providence, R.I."